Nilai Aktual,Nilai Prediksi,Selisih
70313.4,59561.957,10751.442968749994
187596.67,164855.11,22741.560625000013
248059.62,219034.58,29025.041874999995
1813.43,5485.097,3671.6671679687497
16430.86,23890.574,7459.714218749999
147215.29,152206.73,4991.444374999992
16649.77,19228.559,2578.7885937499996
179856.23,173495.17,6361.0581250000105
36309.25,33381.383,2927.8671875
3350.51,1781.2806,1569.2293603515627
65559.88,60861.44,4698.438593750005
138347.01,132083.33,6263.681875000009
201408.49,156756.11,44652.38062499999
360353.4,335851.34,24502.056250000023
13757.16,16211.031,2453.87125
188438.42,165706.92,22731.498125000013
28634.5,27350.814,1283.685546875
244.58,1172.539,927.9589404296875
2589.4,324.674,2264.7259887695313
41075.25,44925.305,3850.0546875
40220.59,42324.605,2104.0154687500035
73335.46,60888.54,12446.920937500006
160178.81,140054.53,20124.278749999998
102934.34,79439.83,23494.511874999997
65112.0,63243.258,1868.7421875
122708.0,117170.5,5537.5
23102.0,39026.6,15924.6015625
28397.0,42312.01,13915.01171875
1457.0,4513.4927,3056.49267578125
13.0,178.10017,165.1001739501953
8020.0,11200.859,3180.859375
405487.31,485618.25,80130.94
318582.88,378214.78,59631.901249999995
345163.17,353169.5,8006.330000000016
402870.63,420323.03,17452.401249999995
391973.23,431070.25,39097.02000000002
73013.87,62837.71,10176.159062499995
430413.56,446783.28,16369.721250000002
446654.32,452765.1,6110.773749999993
3424.91,3544.5295,119.61954101562515
9101.37,14427.687,5326.316523437499
3262.85,-1021.7736,4284.623620605469
422943.0,529929.1,106986.125
419792.0,399677.47,20114.53125
8413.0,11158.853,2745.8525390625
20.785,-193.36232,214.14731994628906
52.245,-3680.598,3732.842900390625
28.018,-2125.0198,2153.037775390625
25.992,-3408.6975,3434.689509765625
58.244,-1763.2552,1821.4992490234374
19.856,-2125.0198,2144.875775390625
4.957,3990.4194,3985.46243359375
23.367,7433.302,7409.9347578125
43.758,-1841.4996,1885.2576337890625
41.898,1412.8014,1370.9033916015626
43.588,-1424.1814,1467.769396484375
14.986,-46.58515,61.571151672363285
43.234,3195.4888,3152.25476953125
45.413,299.82425,254.4112492675781
28.617,501.9455,473.32849560546873
28.343,276.21075,247.86775439453126
249.01,-1860.3816,2109.391591796875
511.97,634.175,122.20498779296872
187.41,310.41522,123.00522216796875
181.21,310.41522,129.20522216796874
184.35,152.80618,31.54381713867187
314869.16,311828.72,3040.4412499999744
393.82,-1453.5011,1847.3210986328124
46943.05,56070.176,9127.125781249997
449395.01,389950.72,59444.29125000001
302668.85,311214.38,8545.525000000023
1376429.68,1087727.0,288702.67999999993
622992.32,671974.1,48981.80500000005
497080.1,452196.88,44883.22499999998
154982.57,139911.5,15071.070000000007
2723.05,1145.2456,1577.8043945312502
189.23,947.2543,758.0242724609375
36349.8,54095.133,17745.332812499997
492926.27,503873.47,10947.198749999981
275893.22,273507.06,2386.157499999972
534250.18,552571.06,18320.88249999995
140000.72,130306.23,9694.493437500001
15123.41,21280.78,6157.369296875
7097.77,18180.201,11082.431171875
2304.54,11003.489,8698.9492578125
244.35,1207.9489,963.5988525390625
49118.08,53666.215,4548.134843749998
35624.74,20946.463,14678.277109374998
617941.03,633349.0,15407.969999999972
441316.2,437871.12,3445.0750000000116
566087.34,567297.06,1209.7225000000326
153648.29,149052.88,4595.415000000008
7186.11,14247.769,7061.6585546875
1868.44,6931.978,5063.5380273437495
72.13,286.77216,214.64215576171875
650123.11,681079.56,30956.452500000014
558430.27,595117.56,36687.29249999998
287112.51,295726.62,8614.11499999999
1424303.1,1142369.8,281933.3500000001
186533.23,180122.62,6410.6050000000105
143212.52,149801.33,6588.8081250000105
139300.3,159215.98,19915.68437500001
31891.85,23166.184,8725.666406249999
466835.93,454436.62,12399.304999999993
271869.0,293230.56,21361.5625
1399352.12,1028161.75,371190.3700000001
968941.45,995662.3,26720.862500000047
638.23,7091.6357,6453.4057421875
435.34,4561.2227,4125.88265625
35403.54,44935.3,9531.76078125
800735.0,720787.9,79947.125
353307.0,295813.12,57493.875
524895.0,568437.3,43542.3125
249686.0,272390.78,22704.78125
15835.0,19920.096,4085.095703125
323966.16,305703.56,18262.597499999974
464558.72,489050.62,24491.905000000028
281818.52,274503.4,7315.113750000019
797420.54,713610.9,83809.66500000004
608309.99,562515.3,45794.67749999999
219295.62,220130.3,834.6768750000047
889.38,7444.203,6554.823125
269955.32,290597.44,20642.117499999993
766012.3,694323.0,71689.30000000005
772521.47,771447.25,1074.219999999972
592099.74,562764.4,29335.36499999999
87380.59,71648.86,15731.730624999997
205770.43,197371.9,8398.523749999993
205771.32,219838.64,14067.320624999993
968.93,1362.3337,393.40374023437505
288.24,6363.9663,6075.72630859375
22386.61,21530.055,856.5553125000006
806139.4,679465.0,126674.40000000002
659065.26,615074.5,43990.76000000001
148509.48,160221.72,11712.23874999999
483850.01,396872.47,86977.54125000001
3863.56,3039.4238,824.136171875
392998.11,416965.56,23967.452500000014
328274.86,284317.62,43957.234999999986
271489.92,270474.12,1015.7949999999837
656822.84,665613.2,8790.347500000033
131042.54,117707.65,13334.891562499994
761355.92,740453.0,20902.920000000042
169112.19,172328.1,3215.9037499999977
268582.78,251002.62,17580.155000000028
390777.57,410083.62,19306.054999999993
3215.28,4604.7056,1389.4255664062498
280224.38,285960.28,5735.901249999995
277037.84,306568.1,29530.253749999974
564962.11,498296.06,66666.04749999999
3501.04,7528.483,4027.44291015625
7766.8,1292.1232,6474.676831054688
238181.19,255622.48,17441.294374999998
138435.98,129314.11,9121.87062500001
374547.12,400979.16,26432.036250000005
304870.91,309235.53,4364.621250000026
202255.93,183862.05,18393.883124999993
175081.41,164932.03,10149.378750000003
139924.97,132923.45,7001.516875000001
421329.41,400279.75,21049.659999999974
98177.0,92958.5,5218.5
412353.0,406843.06,5509.9375
329137.0,334189.12,5052.125
359542.0,402006.25,42464.25
259006.0,251180.53,7825.46875
214441.0,189489.11,24951.890625
159547.0,137919.14,21627.859375
170759.0,168122.22,2636.78125
219834.83,214456.23,5378.595624999987
288019.9,280157.5,7862.400000000023
688809.35,660684.7,28124.662499999977
176575.62,213867.44,37291.817500000005
189040.08,182208.95,6831.126874999987
258284.99,242167.25,16117.73999999999
10205.56,11186.321,980.7612890625005
11846.57,16247.864,4401.2942578125
112213.57,104236.24,7977.327812500007
616858.41,679182.94,62324.52749999997
399845.68,399240.88,604.804999999993
419292.44,399169.44,20123.002500000002
260671.35,272361.9,11690.556249999994
13909.7,9926.196,3983.5037109375007
7165.2,7447.5215,282.3214843750002
9596.78,26555.291,16958.511015625
214398.13,210607.6,3790.5362500000047
209109.93,199658.95,9450.976874999993
837773.15,768700.6,69072.52500000002
507053.88,527817.1,20763.244999999995
7543.19,9135.408,1592.2182031250004
15166.53,16540.625,1374.0949999999993
297042.32,301946.12,4903.804999999993
429311.01,418132.22,11178.79125000001
461798.12,422486.7,39311.432499999995
195600.69,194276.56,1324.1275000000023
11311.4,9920.573,1390.8267578124996
359413.77,324827.2,34586.58250000002
247255.72,249511.94,2256.217499999999
194540.45,171853.27,22687.18437500001
281829.41,295709.53,13880.121250000026
755938.95,739146.44,16792.512499999953
198122.71,230913.22,32790.50875000001
10197.5,13202.757,3005.2568359375
279365.91,244529.61,34836.300624999974
454768.46,439000.5,15767.960000000021
247778.74,278978.34,31199.60375000001
157273.25,156640.84,632.40625
260061.94,268581.22,8519.278749999998
437593.08,428904.25,8688.830000000016
417428.58,416296.47,1132.1112500000163
5636.68,6265.88,629.1998828124997
10318.57,8384.017,1934.5533984374997
12169.62,18388.988,6219.368281249999
214820.77,203014.02,11806.75437499999
257120.65,280242.34,23121.693750000006
208986.7,191554.34,17432.35625000001
404975.09,412709.3,7734.222499999974
272246.05,254624.75,17621.29999999999
3722.17,4385.886,663.7162304687499
8494.14,4604.5303,3889.6097265624994
8665.29,11181.75,2516.459999999999
132516.0,144665.88,12149.875
436300.0,416743.06,19556.9375
240566.0,223114.81,17451.1875
246370.0,218628.8,27741.203125
199165.0,186108.33,13056.671875
223789.0,287471.62,63682.625
189903.0,231465.34,41562.34375
11889.0,18109.797,6220.796875
925.7,-3639.691,4565.39091796875
168631.79,277915.75,109283.95999999999
34451.49,39749.613,5298.123281250002
42374.83,55279.203,12904.373124999998
49227.48,58399.945,9172.465312499997
13791.26,11112.617,2678.6428125
15119.42,17838.488,2719.06828125
46650.03,42166.902,4483.127656249999
14229.38,12231.706,1997.6739453124992
93452.27,108378.35,14926.081562499996
48851.99,61563.926,12711.935781250002
12551.03,10696.196,1854.8337109375007
97032.69,90362.06,6670.627500000002
14866.34,17167.777,2301.43734375
12929.24,10230.285,2698.95484375
11955.0,25589.76,13634.759765625
9917.0,20534.285,10617.28515625
137370.36,104922.91,32447.453749999986
20172.26,27328.432,7156.171640625002
161647.51,189855.58,28208.06812499999
124999.04,147339.08,22340.038125000006
96295.76,86429.78,9865.978749999995
55192.69,54832.746,359.9439062500023
237193.34,286814.28,49620.94125
113217.0,87691.93,25525.0703125
22079.5,24688.842,2609.341796875
73786.78,75439.945,1653.1653125000012
16553.34,15173.225,1380.1153906250001
3337.34,1107.3245,2230.015537109375
101228.04,96417.13,4810.907187499994
25622.89,21747.453,3875.4368749999994
15548.9,14365.282,1183.6177734374996
16067.58,20931.729,4864.148515625
16264.8,17810.549,1545.7488281250007
117444.61,108217.92,9226.688125
17132.49,21540.95,4408.459218749998
166001.0,219963.39,53962.390625
323183.0,477349.8,154166.8125
50703.0,50241.31,461.69140625
8.74,-4028.9087,4037.64869140625
58716.81,93307.02,34590.2134375
203408.15,286030.47,82622.31875
9218.55,13244.307,4025.7566406250007
3251.86,812.7041,2439.1558984375
18285.2,20610.152,2324.9523437499993
10502.91,18952.123,8449.213046875
3817.57,2486.7876,1330.7824023437502
17069.07,23790.219,6721.14875
1554.28,-4852.363,6406.64279296875
6621.46,12058.786,5437.3261328125
3033.67,1174.028,1859.6420458984376
1963.07,1117.5918,845.4782031249999
4708.42,5365.7256,657.3055859374999
34309.99,45164.848,10854.857656250002
937.77,663.478,274.29197265625
6170.98,6647.486,476.50583984375044
2091.58,322.2338,1769.3462048339843
17525.59,16234.249,1291.3409765625001
8767.53,14671.875,5904.344999999999
847.69,-1421.3942,2269.0841650390626
0.48,-3100.367,3100.846943359375
11940.0,17092.932,5152.931640625
1109.0,719.5916,389.40838623046875
13844.0,19094.953,5250.953125
86514.0,84198.08,2315.921875
41622.32,50622.285,8999.96515625
1521.06,-1451.2856,2972.34564453125
42130.12,56498.82,14368.700312499997
6988.91,3790.6907,3198.219326171875
10167.79,15243.752,5075.961953124999
16693.4,20529.754,3836.3539062499985
11893.0,8665.462,3227.5380859375
285.3,-3718.9912,4004.2912109375
10865.63,8053.496,2812.133906249999
14.95,-137.09096,152.04095764160155
4091.82,2664.707,1427.1129687500002
639.43,214.1165,425.31349914550776
12173.72,10159.878,2013.8420703124993
5333.52,2982.3267,2351.1933398437504
408.0,134.13756,273.86244201660156
12153.02,12065.608,87.41160156250044
439.19,-637.75885,1076.9488500976563
395.38,-630.1235,1025.5034741210939
699.74,-988.02405,1687.7640478515625
486.0,-538.76013,1024.7601318359375
549.0,1041.0713,492.0712890625
189.27,-1058.2816,1247.5516162109375
72.5,1719.5564,1647.056396484375
457.73,964.18475,506.45475341796873
228.76,362.4151,133.65510009765626
80.94,-712.3259,793.265927734375
282.12,-691.1733,973.2932788085938
149.53,1697.8523,1548.322294921875
3.01,-1109.6176,1112.6275537109375
43.17,263.8542,220.68418701171873
38.0,75.87183,37.87183380126953
81355.0,85500.445,4145.4453125
525372.11,594728.0,69355.89000000001
67393.77,57613.95,9779.820781250004
217894.34,255541.88,37647.535
50951.25,44096.88,6854.37109375
13073.36,14453.595,1380.2347265624994
311668.77,245940.78,65727.98875000002
459300.61,486005.66,26705.046250000014
215987.34,248507.28,32519.941250000003
41669.07,31384.967,10284.103203125
232508.52,288606.72,56098.19875000001
122185.57,106361.96,15823.609062500007
339941.87,271451.53,68490.33875
2721.97,4740.1016,2018.1315625000002
294548.78,279564.75,14984.030000000028
121692.61,120681.64,1010.9693750000006
296526.82,239939.98,56586.83562500001
2444.11,6835.234,4391.123886718749
317834.2,280813.66,37020.54375000001
143902.58,114762.63,29139.947187499987
271572.19,250963.98,20608.205625000002
51619.38,50151.637,1467.7432812499974
59774.0,65163.246,5389.24609375
107276.0,120385.84,13109.84375
383194.0,395738.6,12544.59375
53623.0,70001.28,16378.28125
0.59,2747.9211,2747.331142578125
8.33,624.2645,615.9345263671875
293.5,3636.4915,3342.991455078125
834.99,846.70844,11.718435058593741
183.1,3360.6807,3177.5806640625
106.87,1836.3344,1729.4643505859376
226.18,4780.7803,4554.6002734375
463.26,2229.2935,1766.03345703125
381436.43,384703.9,3267.476250000007
286642.0,303944.97,17302.96875
260367.37,249062.52,11304.854374999995
63282.3,56253.418,7028.882031250003
127506.26,122683.29,4822.970937499995
26896.35,22343.848,4552.5023437499985
16821.08,11283.892,5537.188398437502
126048.6,129510.34,3461.743749999994
91061.62,84696.25,6365.369999999995
16649.53,18018.318,1368.7883593750012
11563.77,8032.5493,3531.2206835937504
10903.49,14882.39,3978.8996484375
94379.13,91803.29,2575.8409375000047
357504.03,376301.38,18797.344999999972
295810.3,274215.97,21594.33124999999
15468.88,11432.037,4036.842890624999
403771.0,416121.9,12350.90625
33588.0,36480.414,2892.4140625
201.09,4342.155,4141.06478515625
900.84,1092.964,192.12398925781247
1.33,-4555.3438,4556.67375
128311.0,154377.08,26066.078125
222528.31,249711.23,27182.924375000002
136099.7,154010.84,17911.14374999999
1031267.53,885172.9,146094.65500000003
269.82,-996.64557,1266.4655688476562
120903.74,121687.06,783.3224999999948
772874.27,798902.3,26028.04249999998
41793.29,49466.164,7672.874062499999
59068.84,70395.36,11326.519375000003
5214.74,7439.1,2224.36009765625
7477.68,4982.2705,2495.4094921875003
52651.95,46387.426,6264.524218749997
46270.8,46143.523,127.27656250000291
15892.98,13782.294,2110.6860546874996
50843.87,50320.254,523.6160937500026
206262.13,197235.95,9026.176875000005
553364.5,491483.4,61881.09375
277479.98,283289.12,5809.145000000019
56206.03,57383.836,1177.8059375000012
915978.89,889876.1,26102.765000000014
292200.18,287978.22,4221.961249999993
535315.55,469137.78,66177.76875000005
548084.63,531183.75,16900.880000000005
277364.84,275886.47,1478.3712500000256
101859.8,111137.97,9278.168749999997
12788.19,11610.573,1177.6167578125005
4649.39,3951.251,698.1390234375003
108419.68,120383.95,11964.273125000007
182044.08,190267.44,8223.357500000013
113503.07,137299.86,23796.789374999993
110252.86,111796.34,1543.4837499999994
5929.56,2320.4607,3609.0993066406254
239879.43,259595.66,19716.226250000007
754644.66,793603.75,38959.08999999997
218654.1,204162.67,14491.428125000006
167717.0,190575.53,22858.53125
264534.0,285400.94,20866.9375
169876.0,172276.02,2400.015625
98011.0,109852.82,11841.8203125
5027.0,8026.6694,2999.66943359375
831.32,724.3783,106.94170410156255
5.55,-1221.4747,1227.0247314453125
482.3,1086.5022,604.202197265625
27.39,-13265.186,13292.575546875
69.1,-9805.171,9874.2708984375
28.57,1309.7701,1281.2001416015626
397.49,1911.2506,1513.7606103515625
75.0,7088.085,7013.0849609375
14124.16,21495.666,7371.506015625
122214.04,116374.53,5839.508749999994
176385.25,194006.95,17621.703125
223.87,-214.92854,438.7985430908203
17739.97,28779.484,11039.514374999999
73128.99,76871.445,3742.4553124999948
136642.56,152319.6,15677.033750000002
17220.71,19430.23,2209.520468750001
136.49,3237.3184,3100.828359375
16365.67,21354.64,4988.970625
14798.8,13319.635,1479.1652343749993
47035.46,52279.68,5244.219687500001
120025.94,93887.19,26138.752500000002
142.91,2302.7014,2159.791416015625
9020.94,19345.656,10324.71625
55650.55,52424.547,3226.003125000003
100005.52,79645.93,20359.590312500004
104927.85,92806.13,12121.717187500006
16820.27,13178.522,3641.7475390625004
58788.53,57189.855,1598.6745312499988
107355.3,87218.625,20136.675000000003
101395.24,102600.05,1204.8068749999948
15299.17,8758.327,6540.8428515625
63892.53,56320.35,7572.178437499999
124111.48,108027.25,16084.229999999996
12100.2,15442.169,3341.9689453124993
144097.0,103325.66,40771.34375
35117.42,46755.727,11638.306562500002
57317.78,54396.2,2921.580781249999
27968.79,33407.13,5438.338906249999
4706.98,11486.243,6779.2631640625
281534.19,272523.34,9010.846250000002
69078.52,60666.27,8412.250468750004
42119.28,45247.02,3127.739531250001
8851.35,7711.168,1140.1820312500004
111791.69,115885.54,4093.8490624999977
68288.15,81549.305,13261.154687500006
279705.68,249472.5,30233.179999999993
258.48,2788.2751,2529.795146484375
428.78,418.0274,10.752595214843723
11958.54,7691.019,4267.520957031251
35387.89,42958.965,7571.074843750001
174804.18,175324.28,520.101250000007
315156.48,272315.7,42840.79249999998
139829.47,147414.95,7585.483124999999
46202.43,47921.953,1719.5231249999997
3724.34,8937.882,5213.5418359375
297346.87,264836.28,32510.588749999995
34491.82,31084.027,3407.7926562499997
29216.42,32653.955,3437.5350781250017
72323.45,83396.46,11073.010937500003
162411.52,153531.52,8880.00437499999
40034.78,41213.914,1179.1340625000012
13407.63,7545.0625,5862.567499999999
82436.28,98366.234,15929.954375000001
98843.26,94512.2,4331.056874999995
125645.14,136859.19,11214.0475
82642.09,84779.945,2137.8553125000035
5212.74,7624.2803,2411.5402734375
403.84,3914.7874,3510.947353515625
5854.91,9374.889,3519.978671875
48693.65,51713.39,3019.7406249999985
126829.9,117742.99,9086.907812499994
63305.01,46638.336,16666.674062500002
143824.15,140144.22,3679.931249999994
33525.36,33510.51,14.848281250000582
312405.53,296153.38,16252.155000000028
4364.62,6289.2153,1924.59533203125
70300.15,63940.23,6359.919531249994
443.29,-550.7989,994.0888891601562
43839.39,44856.28,1016.8912500000006
45073.94,37439.676,7634.264218750002
9311.82,12854.3,3542.4798046875003
5544.03,10830.732,5286.702421875
19067.99,14769.223,4298.767343750002
160826.0,143997.55,16828.453125
114525.0,101523.5,13001.5
163674.0,182865.02,19191.015625
9690.0,19576.098,9886.09765625
356508.0,306526.3,49981.6875
8464.0,16573.234,8109.234375
11457.0,5413.9937,6043.00634765625
259042.12,206481.14,52560.979374999995
58755.73,62130.676,3374.945781249997
109.28,2534.7886,2425.50857421875
10283.57,11585.533,1301.9632031250003
5048.72,-1737.5747,6786.29470703125
396467.64,385457.5,11010.140000000014
3808.19,-1179.726,4987.915952148438
54913.79,37819.008,17094.7821875
6489.0,7010.3643,521.3642578125
2158.11,3468.6213,1310.5113378906249
14956.46,17920.99,2964.530234375001
24618.49,21713.098,2905.3923437500016
93842.7,88872.18,4970.520312499997
70.32,10939.132,10868.8118359375
757.12,253.7609,503.3591052246094
68350.84,67754.13,596.7071874999965
88469.06,64511.6,23957.458437499998
13230.39,15531.709,2301.3189843750006
225934.01,200204.44,25729.57250000001
236839.84,241461.27,4621.4256250000035
53557.8,47704.28,5853.518750000003
65490.21,74857.45,9367.243125
49.85,335.6202,285.77020874023435
7956.06,5739.47,2216.5897851562504
7690.1,15189.15,7499.050390625
150040.0,144261.27,5778.734375
268134.0,227533.92,40600.078125
9912.0,8025.669,1886.3310546875
463563.57,499993.16,36429.58624999999
65.59,2212.9395,2147.349453125
419229.97,444757.56,25527.592500000028
67344.61,54442.926,12901.68421875
20.54,2212.9395,2192.399453125
9714.09,8738.71,975.3800390625001
383353.44,388299.4,4945.966249999998
9037.99,7371.2637,1666.7263281249998
553202.57,507572.25,45630.31999999995
289798.4,325065.0,35266.59999999998
8982.9,7450.0815,1532.8184570312496
57527.32,59205.453,1678.1331250000003
414576.37,403974.03,10602.338749999995
9599.79,9222.926,376.8642187500009
307816.0,276474.16,31341.84375
31.469,-350.13904,381.6080380859375
27.428,-550.4464,577.8744111328125
7.061,-550.4464,557.5074111328125
28.068,-260.40756,288.47556225585936
20.945,1960.4216,1939.476630859375
14.365,-260.40756,274.7725622558594
7.098,-260.40756,267.5055622558594
50.238,1001.58936,951.35135546875
19.728,1132.8098,1113.081814453125
24.208,1990.648,1966.43994921875
50.511,952.81555,902.3045517578125
5.271,-1053.7201,1058.9910927734375
36.889,1809.992,1773.102943359375
19.184,1923.7323,1904.5482998046875
26.984,527.0101,500.02607080078127
14.597,5586.952,5572.3551484375
44.287,18852.371,18808.08409375
28.495,3131.2585,3102.763544921875
2.973,7469.2896,7466.31655078125
3.694,19892.227,19888.5325625
144.82,5269.5825,5124.76251953125
107.62,2887.2947,2779.674677734375
68.42,8574.085,8505.6649609375
31.2,8182.099,8150.89912109375
43.09,5116.0747,5072.98470703125
58.29,6401.573,6343.2832421875
201.8,2509.2625,2307.462451171875
162.22,-1227.3102,1389.5301806640625
696725.99,661065.0,35660.98999999999
1414730.62,1315150.8,99579.87000000011
177276.3,181424.62,4148.325000000012
1133671.33,1099579.6,34091.705000000075
544986.21,623413.06,78426.85250000004
1767.92,2292.1133,524.1932812499999
2459.63,-3556.3813,6016.01134765625
468764.28,500241.4,31477.126249999972
344214.39,299500.72,44713.671250000014
502574.97,473627.7,28947.282499999972
572005.83,533754.1,38251.70499999996
174597.02,145226.86,29370.16062499999
7317.23,2693.105,4624.12501953125
465.03,2409.7363,1944.706328125
406.54,-978.921,1385.4610205078125
37041.64,42961.33,5919.688125000001
28744.69,10496.552,18248.1382421875
566334.48,541171.6,25162.85499999998
1031.24,13529.857,12498.617421875
437.44,1621.9618,1184.5217919921874
28371.86,39137.273,10765.4134375
611773.02,638184.0,26410.97999999998
310715.2,287478.72,23236.48125000001
262037.84,294813.66,32775.81625
167865.29,186183.16,18317.866249999992
1234133.75,1122340.4,111793.375
146494.62,138391.77,8102.854374999995
35624.74,33444.04,2180.700937499998
289205.7,251737.23,37468.46562500001
148670.61,156357.0,7686.390000000014
861.82,4604.389,3742.56916015625
300142.89,271475.44,28667.452500000014
1131976.57,1106293.6,25682.945000000065
6325.63,-441.5755,6767.205500488281
1316.49,5067.7905,3751.30052734375
39968.81,48229.67,8260.861875000002
299675.82,283282.94,16392.882500000007
334188.58,304415.6,29772.986250000016
484085.66,487470.56,3384.9025000000256
1041530.95,1050644.0,9113.050000000047
118188.45,124471.445,6282.995312500003
1211.69,6341.0254,5129.3353906249995
660107.0,692320.3,32213.3125
555727.0,512351.06,43375.9375
294027.0,312600.72,18573.71875
188774.0,187985.39,788.609375
805.0,4887.254,4082.25390625
52.0,11458.749,11406.7490234375
31808.0,20795.812,11012.1875
190899.47,162812.94,28086.5325
495772.48,469610.28,26162.19874999998
266931.24,279715.16,12783.91625000001
202497.04,187767.4,14729.633750000008
92626.24,74653.84,17972.396250000005
494578.9,516963.28,22384.381249999977
256.1,5716.763,5460.66318359375
27120.47,42160.58,15040.108124999999
145466.78,136624.98,8841.795624999999
111340.46,88966.14,22374.319375000006
339445.37,277604.72,61840.651249999995
341370.25,348071.06,6700.8125
161773.24,198986.03,37212.79125000001
206397.46,214942.94,8545.477500000008
8968.93,6344.2026,2624.7273632812503
72339.82,78465.73,6125.906562499993
167338.71,179986.1,12647.383750000008
339013.18,346712.62,7699.445000000007
714851.91,700443.9,14408.035000000033
204117.51,183822.25,20295.26000000001
389137.21,399532.44,10395.227499999979
349524.93,344332.06,5192.867499999993
2085.38,7991.228,5905.84802734375
800945.03,726419.2,74525.84250000003
196084.4,182441.97,13642.431249999994
191725.78,196060.05,4334.266875000001
62967.4,62511.117,456.28281250000146
341080.17,340806.47,273.7012499999837
469889.52,479806.53,9917.011249999981
20288.3,18643.697,1644.6027343749993
275622.59,291448.03,15825.441249999974
154076.91,146302.95,7773.9568750000035
778895.15,761821.6,17073.525000000023
56887.24,52093.297,4793.943124999998
287721.45,280746.66,6974.793750000012
641988.28,691903.2,49914.90749999997
678350.41,735350.7,57000.27749999997
215629.01,185611.52,30017.49437500001
162001.48,179992.31,17990.83249999999
322355.32,320382.38,1972.945000000007
424362.51,403942.62,20419.88500000001
177192.04,167603.02,9589.024375000008
50813.53,46483.152,4330.377656249999
205076.95,189993.22,15083.731250000012
312720.22,339144.62,26424.405000000028
528.77,5135.9316,4607.161640625
758569.0,744718.9,13850.125
142111.0,135666.23,6444.765625
290643.0,231218.81,59424.1875
724004.0,709922.06,14081.9375
4257.0,4663.235,406.23486328125
7750.0,7760.7837,10.78369140625
377263.18,350986.2,26276.992499999993
216884.62,203279.62,13604.994999999995
310736.82,294237.9,16498.913750000007
896652.91,820568.5,76084.41000000003
351702.39,319905.28,31797.108750000014
4182.15,19426.525,15244.375390625
14474.53,36676.85,22202.3215625
196430.58,205567.14,9136.560625000013
251371.94,275142.03,23770.091249999998
193774.5,209782.36,16007.859375
339755.88,312798.47,26957.411250000005
777190.36,767794.2,9396.172499999986
7032.99,8158.92,1125.9299218750002
8259.39,21782.084,13522.693984375
108445.62,92979.39,15466.229374999995
274389.82,271611.06,2778.757500000007
290688.21,301640.38,10952.164999999979
436884.05,394088.28,42795.76874999999
446052.38,409654.94,36397.442500000005
728915.12,729045.0,129.88000000000466
886060.99,844883.06,41177.92749999999
228980.21,206398.4,22581.803749999992
11723.75,10454.351,1269.3994140625
10115.21,14904.277,4789.067343750001
11138.05,19499.887,8361.83671875
116456.34,122988.49,6532.1521875000035
198222.01,199321.14,1099.1306249999907
202501.4,176361.58,26139.821874999994
489418.62,459060.25,30358.369999999995
9534.86,8979.333,555.5269921875006
8924.08,4860.5063,4063.57365234375
207217.26,228800.47,21583.20874999999
168853.55,163777.75,5075.799999999988
607371.19,600044.44,7326.752499999944
337172.14,314451.5,22720.640000000014
266699.89,235182.02,31517.874375000014
172494.38,179359.23,6864.854374999995
8103.92,4534.6597,3569.26033203125
7293.69,9322.79,2029.1000390625004
92992.64,93808.164,815.5240625000006
114874.53,112938.22,1936.3112499999988
240224.41,206574.25,33650.16
195855.35,178389.75,17465.600000000006
186257.96,200224.92,13966.961875000008
108483.14,98788.445,9694.6946875
7502.06,6410.6963,1091.3637109375004
8020.03,11633.868,3613.8381640625003
3292.78,8582.277,5289.497343749999
259477.68,281987.94,22510.257500000007
177607.38,198510.6,20903.213749999995
523067.49,475869.78,47197.70874999999
145931.75,181256.33,35324.578125
8392.91,7538.9814,853.9285546874999
7340.42,28646.713,21306.292890625
3659.41,7436.666,3777.256015625
231437.0,200548.1,30888.90625
279902.0,303275.47,23373.46875
175677.0,157896.77,17780.234375
312409.0,295093.84,17315.15625
435224.0,427563.12,7660.875
480264.0,447061.97,33202.03125
3709.0,3953.4917,244.49169921875
3086.0,6737.463,3651.462890625
158239.67,199089.61,40849.93937499999
5767.0,8928.529,3161.529296875
473.1,-1783.9033,2257.0033203125
150222.44,179313.72,29091.278749999998
103764.57,110280.16,6515.586249999993
30091.24,29611.176,480.0642187500016
713.18,-2189.3015,2902.481513671875
154301.07,226824.06,72522.9925
23810.44,27067.73,3257.2904687500013
85295.01,102238.8,16943.786875000005
32340.73,43007.39,10666.660625
15174.03,17173.781,1999.7512499999993
177411.07,208649.38,31238.304999999993
64523.83,87061.58,22537.748125
195232.6,209467.69,14235.087499999994
36780.53,37903.55,1123.0207812500012
36372.21,32587.75,3784.459999999999
37319.59,38478.21,1158.6209375000035
566.0,-2784.7363,3350.736328125
288711.72,293347.2,4635.467500000028
74833.26,62007.09,12826.170156249995
19255.36,24363.488,5108.128281249999
9518.26,7591.094,1927.1657617187502
117728.21,132997.98,15269.774374999994
94175.17,70138.72,24036.45125
59067.28,65323.168,6255.887968750001
16123.59,12974.202,3149.3878515625
9496.4,6779.3413,2717.0586914062496
3091.86,-2106.8777,5198.737685546876
221359.83,220376.34,983.4862499999872
36572.77,38199.555,1626.7846875000032
8881.97,9642.04,760.0700390625007
129050.5,183335.36,54284.859375
186867.79,208785.25,21917.459999999992
114278.22,172401.06,58122.8425
114278.22,150718.72,36440.49875
107210.87,112241.18,5030.309687500005
219962.68,291895.6,71932.91375
114594.15,122638.25,8044.100000000006
84857.0,71690.31,13166.6875
8554.0,3980.886,4573.114013671875
368.22,2551.014,2182.7939160156247
1561.52,-785.48975,2347.00974609375
8891.95,18535.148,9643.1984375
640.75,-2652.4607,3293.210693359375
6897.51,11537.048,4639.5378515625
8441.46,13656.087,5214.626914062501
45703.62,75216.65,29513.028437499997
179659.65,223112.88,43453.225000000006
6414.3,7802.8003,1388.5002929687498
18258.66,17158.719,1099.9412499999999
153060.04,193623.47,40563.42874999999
8092.07,7204.5913,887.4786914062497
24.93,336.34726,311.41725952148437
1608.48,-1063.6937,2672.1737255859375
623.83,3026.1587,2402.32869140625
1820.74,770.30005,1050.439951171875
8348.74,13331.151,4982.4113671875
311.67,-1672.0178,1983.687822265625
19185.26,16614.342,2570.9182031249984
31196.0,48199.836,17003.8359375
5810.0,4355.8145,1454.185546875
143.0,-2978.6726,3121.672607421875
32083.72,30682.055,1401.6653125000012
144048.49,115545.555,28502.93531249999
38039.29,47541.227,9501.9365625
37.27,-2339.245,2376.5151171875
17078.56,19927.506,2848.9458593749987
104441.83,103658.78,783.0487500000017
932.09,-3421.1582,4353.248203125
48202.66,45992.855,2209.8045312500035
1284.77,-373.47974,1658.249736328125
105025.7,102498.3,2527.403124999997
12076.25,14909.023,2832.7734375
489.42,-4022.3967,4511.816728515625
20498.89,18686.15,1812.7396093749994
153.85,5924.3765,5770.52646484375
1348.29,-132.53612,1480.826117553711
106553.73,107778.37,1224.637187500004
696.0,-2597.4192,3293.419189453125
256.0,-507.6386,763.6386108398438
15978.78,19326.0,3347.2199999999993
19425.91,20793.646,1367.7364843750001
15394.85,19108.777,3713.9273437499996
733.01,-2033.184,2766.1939599609377
13010.96,16229.942,3218.982382812501
12945.28,11504.942,1440.3376171875007
47.4,-1117.1982,1164.5982421875
11575.0,11552.43,22.5703125
365.39,3298.2307,2932.840712890625
696.68,3038.5388,2341.858818359375
370.04,3054.2056,2684.16556640625
44.36,-1831.4816,1875.8415673828124
519.92,-123.0734,642.9934024047851
57.95,1857.273,1799.32294921875
59.89,-683.38055,743.2705541992187
53.11,-2219.7139,2272.8238671875
408.65,561.67175,153.02175292968752
43.4,-2643.14,2686.539892578125
299.02,310.59174,11.571735839843768
76.13,1112.7885,1036.6584521484374
11.42,-2865.0408,2876.460771484375
481.0,-2029.9344,2510.9344482421875
83364.18,79942.766,3421.414374999993
194593.04,192771.78,1821.2587500000081
228265.9,211867.89,16398.009374999994
43391.57,50438.953,7047.383125
2794.74,6217.4785,3422.738515625
355113.03,413308.4,58195.37624999997
455234.05,553556.1,98322.07500000001
599111.2,653668.25,54557.05000000005
30361.02,29531.006,830.0141406250004
397374.49,422878.75,25504.26000000001
449294.9,496953.84,47658.94374999998
296934.72,237746.75,59187.96999999997
50700.33,53722.13,3021.7989062499983
60772.93,60595.562,177.3675000000003
475668.41,510490.28,34821.871250000026
84631.42,86221.44,1590.0175000000017
128637.72,109961.5,18676.22
95711.27,103850.7,8139.433124999996
115934.28,108944.64,6989.639374999999
29538.83,32897.14,3358.3106249999983
147440.0,139084.25,8355.75
526198.0,539474.75,13276.75
154782.0,131983.14,22798.859375
167.98,586.10583,418.1258349609375
0.57,1086.0278,1085.45783203125
64.73,3090.9866,3026.256572265625
615.26,442.24368,173.01631713867187
103.47,4550.742,4447.2721875
16.63,-661.1738,677.803828125
77.0,-1184.7288,1261.728759765625
253392.28,257601.92,4209.641875000001
13796.15,14918.279,1122.1292968750004
354915.09,364921.56,10006.472499999974
92429.31,84117.79,8311.520937499998
232315.51,233737.47,1421.9587499999907
83951.02,87076.86,3125.839374999996
172742.72,183795.52,11052.795624999999
135065.47,141521.08,6455.608124999999
308399.03,312581.62,4182.594999999972
83706.14,71150.74,12555.3978125
101624.93,110343.37,8718.437187500007
36896.75,27391.98,9504.76953125
138068.0,133426.95,4641.046875
13494.0,9810.295,3683.705078125
451.0,-376.2182,827.2182006835938
126822.5,129401.09,2578.59375
880519.16,1005958.5,125439.33999999997
205038.16,213429.05,8390.886874999997
619691.68,664845.6,45153.94499999995
11734.98,13493.296,1758.3158984375004
186319.88,220846.02,34526.135624999995
106837.31,134327.12,27489.815000000002
135272.5,106265.234,29007.265625
275381.94,266045.84,9336.096250000002
443799.14,412712.75,31086.390000000014
210060.36,231193.58,21133.218125000014
163218.08,153003.48,10214.595624999987
101500.65,126415.88,24915.232812500006
269146.84,262470.22,6676.621250000026
40596.2,38417.082,2179.117968749997
194020.2,183124.48,10895.715625000012
12046.39,13154.251,1107.8609765625006
6710.53,7291.2812,580.7512500000003
231035.1,269528.2,38493.087499999994
196087.49,191933.64,4153.849374999991
797933.74,874392.06,76458.32250000001
16806.41,11906.13,4900.2801171875
847495.03,804169.06,43325.96750000003
259790.95,281424.16,21633.20624999999
31942.73,32728.074,785.3442187500004
292072.62,279977.25,12095.369999999995
12907.7,12972.907,65.20722656249927
131809.69,147925.42,16115.731874999998
114509.68,104575.17,9934.508124999993
242469.8,232708.38,9761.424999999988
36189.33,37069.305,879.9746874999983
208030.0,209670.69,1640.6875
106425.0,118261.95,11836.953125
78835.0,87176.38,8341.3828125
18884.0,17140.531,1743.46875
992.99,1720.5802,727.5902001953125
2.33,-713.3761,715.7060986328125
499.14,2640.1287,2140.988662109375
17.04,7969.034,7951.9941796875
88.0,1524.7439,1436.743896484375
3.15,8453.609,8450.459375
198.71,929.3749,730.6648779296875
219.21,9681.311,9462.100546875
37.24,-541.6348,578.8748266601563
940.98,-1911.3755,2852.35548828125
1038489.34,974470.7,64018.65249999997
185090.11,171479.0,13611.109999999986
484604.79,460822.28,23782.50874999998
37418.38,34511.72,2906.6612499999974
917156.76,896585.8,20570.94750000001
38509.64,35397.492,3112.1478124999994
82073.28,92161.34,10088.063750000001
12015.11,13389.305,1374.1946874999994
13784.51,23656.893,9872.382578125
144445.74,144292.75,152.9899999999907
39203.3,35440.844,3762.456250000003
11067.82,11603.388,535.5676953125003
143115.22,136166.45,6948.766875000001
920413.27,854833.25,65580.02000000002
47059.3,39744.742,7314.557812500003
716876.05,631717.4,85158.67500000005
6679.1,4898.2793,1780.8207031250004
63967.79,48941.035,15026.75484375
180.36,5009.09,4828.72984375
667136.0,635223.75,31912.25
46968.0,38200.086,8767.9140625
33786.0,32766.982,1019.017578125
21729.0,12576.012,9152.98828125
97876.5,82949.71,14926.7890625
49706.39,59415.758,9709.3678125
196297.25,170338.73,25958.515625
72502.95,70396.33,2106.621874999997
42068.41,40502.6,1565.8084375000035
419.97,-3970.2231,4390.19314453125
50174.73,45453.58,4721.151875000003
9230.46,6471.57,2758.890175781249
2969.08,13872.668,10903.58796875
6183.98,11434.065,5250.0854296875
82658.97,82227.7,431.26687500000116
61513.4,44492.727,17020.6734375
310784.51,284419.8,26364.69750000001
65816.11,58411.85,7404.258437500001
29259.13,21883.922,7375.208125000001
3123.34,11765.683,8642.3426171875
6028.72,5872.6665,156.05349609375025
106168.3,88994.84,17173.456250000003
31726.75,31534.7,192.05078125
10549.72,21030.754,10481.03390625
19609.89,13773.817,5836.072617187499
107239.08,92998.79,14240.290937500002
270270.84,280313.56,10042.722499999974
69181.22,62898.25,6282.970000000001
12097.93,9014.977,3082.9534375000003
394.06,3227.0662,2833.006162109375
2385.57,3478.2834,1092.7134472656248
63451.43,54002.293,9449.13703125
65908.05,73828.12,7920.067187499997
27674.56,30566.504,2891.9439062499987
9647.98,5482.3164,4165.66359375
63406.82,46296.598,17110.22234375
42368.62,57266.754,14898.133906249997
68644.12,80741.56,12097.442500000005
41829.32,41946.59,117.26984375000029
77884.81,75884.97,1999.8412499999977
14646.73,14543.212,103.51808593749956
14017.67,11771.037,2246.632890625
41573.96,37003.918,4570.042031249999
78473.8,45170.598,33303.20234375
34116.51,27438.754,6677.756093750002
44805.66,52736.633,7930.9728124999965
333128.7,288929.72,44198.98125000001
45334.39,49000.88,3666.4889062500006
421.57,125.43383,296.1361697387695
2694.34,3565.6326,871.2925683593749
142694.0,141336.83,1357.171875
187490.0,171394.8,16095.203125
46928.0,47614.863,686.86328125
37566.0,44211.773,6645.7734375
38781.0,32255.977,6525.0234375
94856.0,87603.984,7252.015625
3883.0,4238.677,355.6767578125
20427.0,21071.98,644.98046875
509.0,-845.0484,1354.0484008789062
10667.0,19093.113,8426.11328125
2188.0,5900.796,3712.7958984375
29247.0,26208.316,3038.68359375
57573.07,44355.043,13218.02703125
58334.99,66155.5,7820.510000000002
375153.85,396961.12,21807.275000000023
48442.91,45645.203,2797.7068750000035
65841.73,59055.516,6786.214374999996
98828.56,82071.14,16757.419374999998
14017.31,14378.307,360.9966406250005
128126.1,140932.28,12806.181249999994
54072.16,59479.184,5407.0235937499965
171161.97,140153.19,31008.7825
47252.94,38266.016,8986.924375000002
93110.71,86964.54,6146.170937500006
6332.96,9646.826,3313.866171875
184943.58,154091.44,30852.142499999987
388190.19,403209.5,15019.309999999998
39168.32,36431.098,2737.2223437499997
99405.96,88712.72,10693.241250000006
64355.17,71982.734,7627.564375000002
49550.64,48206.18,1344.4603124999994
10845.97,10848.266,2.295625000000655
69478.52,67170.69,2307.832500000004
59902.25,83118.414,23216.1640625
7101.39,10392.833,3291.4430078124997
63764.22,64562.117,797.8971874999988
1715.26,3610.383,1895.123056640625
7473.79,4077.4734,3396.316611328125
146792.05,138071.4,8720.643749999988
239555.09,218498.4,21056.683749999997
52636.91,40678.555,11958.355312500003
1408.35,3493.0728,2084.72275390625
65.49,-1076.7603,1142.25025390625
1112.0,-1368.2535,2480.2535400390625
15135.0,16652.172,1517.171875
309151.0,301559.84,7591.15625
71678.0,77790.93,6112.9296875
45672.0,36104.07,9567.9296875
3903.54,-3184.4434,7087.983359375
8348.6,10025.149,1676.5494140624996
276627.35,292456.66,15829.306250000023
328825.23,311599.88,17225.35499999998
481001.54,428397.2,52604.35249999998
396558.51,395175.66,1382.8537500000093
449067.08,417978.66,31088.423750000016
357013.22,378729.6,21716.373750000028
24.418,728.83496,704.4169609375
7.941,728.83496,720.8939609375
4.905,-4380.513,4385.41818359375
24.21,-919.2255,943.4355249023438
58.495,-2093.3445,2151.839482421875
47.659,1626.6592,1579.0001796875
6.132,-1527.0791,1533.2111015625
50.249,2946.2295,2895.9804921875
26.239,3277.5994,3251.360365234375
19.066,-1660.0924,1679.1584072265625
5.235,6018.3516,6013.1165625
36.08,8909.657,8873.5772265625
88.0,13506.069,13418.0693359375
251.17,-985.73016,1236.9001635742188
140.75,1128.0968,987.3468017578125
137.0,-2714.8235,2851.823486328125
348683.62,333155.72,15527.901249999995
510048.82,457505.12,52543.69500000001
554231.74,512665.1,41566.64624999999
330508.46,330858.9,350.44624999997905
990994.87,918333.06,72661.8075
194398.08,205486.66,11088.576250000013
14436.5,14023.024,413.4755859375
357.06,1199.0347,841.97466796875
31610.43,32771.08,1160.6481249999997
276734.07,276881.06,146.99249999999302
143820.03,140070.14,3749.889374999999
1117813.97,1086028.8,31785.219999999972
15103.37,12565.617,2537.752812500001
298974.65,307287.2,8312.537499999977
159957.49,180245.08,20287.58812500001
6799.08,6796.677,2.4032421874999272
285154.0,315910.03,30756.03125
959456.43,962090.1,2633.694999999949
587586.07,543384.75,44201.31999999995
172.1,1571.606,1399.50595703125
299893.8,322864.16,22970.35625000001
508220.48,534457.06,26236.58250000002
305676.17,293424.62,12251.544999999984
298163.0,312455.56,14292.5625
1038780.58,957774.2,81006.39249999996
188731.69,190304.6,1572.9037499999977
338.03,3289.2876,2951.2575976562503
31271.18,19965.45,11305.73078125
261023.34,268168.78,7145.4412500000035
1027659.54,962351.44,65308.10250000004
769.39,1903.4774,1134.0874169921876
440.48,-1788.2047,2228.6847119140625
510632.02,461197.1,49434.92625000002
148802.98,138385.39,10417.58937500001
13693.1,23396.299,9703.198828125
32.73,3222.8557,3190.125712890625
496250.0,501964.28,5714.28125
575.0,8928.917,8353.9169921875
31808.0,30428.654,1379.345703125
117355.84,110426.01,6929.8321874999965
238961.88,238163.94,797.9425000000047
681587.71,708758.7,27170.977500000037
578935.69,542529.0,36406.689999999944
199421.36,191558.11,7863.250624999986
389121.08,406883.25,17762.169999999984
4952.36,9716.452,4764.0921484375
699964.69,664787.2,35177.502499999944
266228.84,292704.8,26475.972499999974
427165.28,406044.1,21121.186250000028
270001.44,282228.84,12227.403749999998
358638.05,349314.8,9323.237499999988
150815.97,140059.28,10756.688750000001
406556.5,390754.1,15802.40625
3946.79,13246.31,9299.5195703125
99154.18,95811.44,3342.742499999993
273294.19,271884.53,1409.6587500000023
225425.92,278786.28,53360.36124999999
347804.03,329009.5,18794.530000000028
157839.72,154122.64,3717.079375000001
405989.34,357604.56,48384.777500000026
141701.4,148519.2,6817.803125000006
711.11,3417.323,2706.212998046875
2442.65,5529.4546,3086.80458984375
109047.94,96023.07,13024.869687500002
293909.04,302532.0,8622.960000000021
383143.3,356782.94,26360.36249999999
626632.73,711975.94,85343.20750000002
587469.44,602489.25,15019.810000000056
195692.08,175631.16,20060.923749999987
203279.05,201239.9,2039.1437499999884
341113.01,328679.97,12433.04125000001
442225.87,427150.25,15075.619999999995
725.68,4618.5884,3892.90837890625
7052.69,7920.1245,867.4345117187504
140160.87,131879.14,8281.729374999995
60651.87,68903.27,8251.403437499997
472868.55,528740.5,55871.95000000001
508149.97,535799.7,27649.717500000028
146349.82,145160.5,1189.320000000007
384838.98,412134.9,27295.92625000002
646.43,819.1017,172.67168457031255
279478.0,286467.62,6989.625
279953.51,310236.44,30282.92749999999
289707.98,315347.88,25639.89500000002
735187.08,677028.75,58158.32999999996
424410.81,473414.56,49003.7525
527355.2,555091.1,27735.925000000047
245267.0,274601.6,29334.59375
526724.0,638040.0,111316.0
174914.0,170927.31,3986.6875
634373.0,681423.3,47050.3125
373677.0,370271.88,3405.125
491.0,7339.912,6848.912109375
1576.0,684.7712,891.2288208007812
253835.28,280130.66,26295.37625
317873.85,295157.9,22715.943749999977
393773.29,356442.94,37330.35249999998
564241.12,513141.66,51099.463749999995
11850.09,11800.361,49.728671875000146
5747.01,-156.1067,5903.116704711914
91941.66,111335.45,19393.793124999997
224027.19,197245.56,26781.627500000002
344236.34,339687.78,4548.558750000026
692073.16,751237.75,59164.58999999997
519934.36,495440.62,24493.734999999986
10804.71,13499.929,2695.218710937501
3565.88,10357.8,6791.9198046875
83940.9,97379.06,13438.162500000006
196847.53,200107.17,3259.641875000001
215913.41,206439.55,9473.863125000003
192600.06,207697.92,15097.861875000002
343163.9,320153.0,23010.900000000023
207294.89,241598.9,34304.016249999986
191735.47,190167.45,1568.0168750000012
101827.44,90187.94,11639.502500000002
10283.81,8592.293,1691.5170312499995
5274.24,4753.078,521.1618749999998
4461.78,7754.613,3292.8327929687503
88116.57,94576.41,6459.836249999993
404665.04,371326.72,33338.32124999998
237916.96,215123.86,22793.100624999992
247366.27,211437.02,35929.25437499999
326826.64,318516.75,8309.890000000014
307279.68,286429.9,20849.773749999993
674002.0,753859.1,79857.125
96723.97,89286.89,7437.079375000001
4414.93,5949.907,1534.9772265624997
13505.81,15925.366,2419.5562109375005
5750.19,6321.2046,571.0145898437504
90428.21,92432.97,2004.7587499999936
115758.01,117112.195,1354.1853125000052
462205.98,443038.22,19167.76124999998
185412.51,210274.3,24861.78687499999
376476.43,389385.47,12909.038750000007
401573.69,414108.22,12534.528749999998
498938.59,436561.28,62377.308750000026
411242.2,364631.56,46610.63750000001
230581.31,201855.89,28725.419374999998
6762.57,6625.781,136.7892382812497
346873.45,331537.9,15335.543750000012
418096.11,416557.28,1538.828749999986
280592.09,271307.9,9284.183750000026
771251.37,725088.56,46162.807499999995
705962.63,719431.06,13468.432499999995
8271.57,10518.104,2246.5335156250003
69650.98,81030.766,11379.785625000004
254793.72,237317.4,17476.31375
395631.38,374105.34,21526.036250000005
162236.82,142219.3,20017.523125000007
776290.66,721191.25,55099.41000000003
328959.53,310962.5,17997.030000000028
189161.9,195434.0,6272.100000000006
189499.69,175641.02,13858.674375000002
198324.0,206952.83,8628.828125
679514.0,774016.4,94502.375
278822.0,314318.03,35496.03125
196116.0,210117.05,14001.046875
274285.0,267571.75,6713.25
879685.0,879179.9,505.125
577964.0,522106.78,55857.21875
375591.0,348684.9,26906.09375
189423.0,183540.28,5882.71875
10092.0,6967.8447,3124.1552734375
7468.0,8868.633,1400.6328125
6075.0,17379.605,11304.60546875
31322.01,40440.83,9118.818125000002
30006.2,38547.375,8541.175
35774.06,43006.816,7232.756406250002
12308.92,13610.381,1301.460859375
22694.82,24935.633,2240.8128125000003
9825.11,9768.171,56.93910156250058
107589.45,110956.63,3367.182812500003
108007.15,88186.43,19820.720312499994
51025.45,58324.016,7298.565625000003
26084.14,22331.8,3752.3392187499994
176541.14,198292.19,21751.047499999986
50190.35,61618.48,11428.130468750001
105650.43,112715.99,7065.562187500007
31303.8,34607.656,3303.8562500000007
42280.23,45055.723,2775.492656249997
70329.98,100661.08,30331.098125000004
34799.49,36330.117,1530.627187500002
24485.61,28023.426,3537.8157812499994
9196.41,14474.242,5277.8321875
64252.13,84461.83,20209.698125000003
106899.75,122256.9,15357.1484375
61456.23,92490.39,31034.160624999997
341.46,-1615.2975,1956.7574853515625
121995.0,173323.17,51328.171875
22642.0,32316.672,9674.671875
28108.0,29561.701,1453.701171875
91856.74,114847.266,22990.525624999995
192786.24,315717.38,122931.13500000001
68724.35,72014.445,3290.095312499994
245195.57,336736.97,91541.39875
134652.55,143702.4,9049.856250000012
56610.73,65100.973,8490.242656249997
97018.84,94454.18,2564.6603124999965
23162.39,25198.242,2035.8521875000006
190762.02,289200.66,98438.63625000001
131585.88,116663.98,14921.903437500005
52553.08,48688.227,3864.8534375000017
169163.19,241171.33,72008.138125
120730.76,108976.46,11754.299062499995
129050.5,140438.1,11387.59375
58463.58,46299.117,12164.462812500002
39429.0,41822.535,2393.53515625
4932.7,6374.194,1441.4938476562502
16758.68,16306.026,452.6536328125003
85828.32,79661.29,6167.030937500007
1349.64,-1905.0847,3254.7247167968753
153537.87,186494.25,32956.380000000005
79292.4,66611.07,12681.329687499994
113212.0,121445.055,8233.0546875
166001.0,203294.88,37293.875
109314.0,111289.65,1975.6484375
58749.0,65946.11,7197.109375
3405.0,1141.3768,2263.6231689453125
58328.72,68388.23,10059.506562499999
6179.34,4177.7393,2001.6007421875001
62279.04,79172.8,16893.756875
8004.07,7719.8877,284.1823046874997
44597.55,71181.14,26583.590624999997
223423.31,164288.66,59134.65375
60366.46,75915.38,15548.9228125
7007.37,12537.086,5529.7159375
1736.31,264.503,1471.8070092773437
73179.37,101730.21,28550.840937500005
1422.66,-908.8219,2331.4818994140624
894.55,1042.5034,147.95341796875005
6897.39,7633.821,736.4308007812497
442.56,-1640.3058,2082.8657861328124
730.86,-3794.679,4525.538955078125
20367.18,20128.885,238.2952343750003
149428.47,177020.97,27592.49875
7101.23,6304.4097,796.8203320312496
7494.46,8962.356,1467.8964453125
796.39,-120.47078,916.8607794189453
40081.48,37488.664,2592.815937500003
100360.63,119183.23,18822.596562499995
12850.97,15886.763,3035.7926953125007
19422.59,22732.918,3310.32796875
185.1,531.57587,346.4758666992187
121202.53,120238.56,963.9674999999988
342.92,2938.593,2595.673017578125
52365.75,48135.03,4230.71875
419.57,-2471.9116,2891.48162109375
8651.61,5078.6343,3572.9757226562506
51972.06,51252.56,719.5014062499977
2021.46,1478.4482,543.0117578125
22364.87,21504.12,860.750859374999
354.13,-4179.6045,4533.7344921875
352.88,3774.35,3421.47009765625
302.1,-3363.1682,3665.268212890625
28608.94,25500.082,3108.8579687499987
681.92,1742.4868,1060.56681640625
125.69,-5069.644,5195.33404296875
9280.84,7625.608,1655.2320898437501
47581.0,56502.996,8921.99609375
1376.35,372.00772,1004.3422790527343
52.1,-444.0394,496.1393981933594
6564.07,3241.4287,3322.6412890624997
13835.77,10227.048,3608.7221484375004
61.96,-2031.7247,2093.6847314453125
6565.84,5997.1196,568.7203710937501
10095.87,13276.916,3181.046015624999
11932.59,14234.759,2302.1687890625
25.12,-782.65155,807.7715502929688
7270.0,6781.862,488.13818359375
876.41,-118.569916,994.9799157714843
641.0,3576.2183,2935.21826171875
66.03,-8456.421,8522.4508984375
25.36,-2237.9885,2263.348525390625
155711.37,137934.95,17776.416874999995
268374.79,242244.14,26130.64937499998
59142.33,71213.17,12070.841874999998
265878.24,222724.89,43153.34937499999
61822.68,69271.664,7448.9840625
246840.77,251867.1,5026.3237500000105
30670.11,30150.182,519.9283593750006
489447.65,548020.25,58572.59999999998
82234.55,85771.62,3537.067187499997
62295.74,52810.723,9485.017343749998
128674.92,120895.07,7779.849687499998
137096.53,129186.85,7909.678437499999
147163.03,129257.914,17905.1159375
72390.72,72104.62,286.10281250000116
45954.48,40633.207,5321.272968750003
29992.75,18311.168,11681.58203125
63045.97,74801.96,11755.990937499999
135017.18,132582.84,2434.336249999993
2716.27,7389.063,4672.79298828125
29403.78,25952.533,3451.246796874999
193.77,3625.5564,3431.786396484375
2.49,137.61559,135.12558532714843
0.33,2058.5212,2058.191240234375
0.43,188.06242,187.63242370605468
174.64,796.74084,622.1008447265625
400.47,6303.5264,5903.0563671875
861.53,2682.5525,1821.022490234375
847.0,4830.7593,3983.75927734375
138.34,-1928.2076,2066.5476416015626
692.6,4762.6963,4070.0962890625
121.88,2764.02,2642.14001953125
186.91,2865.7363,2678.826328125
206371.98,218585.73,12213.75437499999
56400.51,58449.605,2049.095468749998
13834.46,9101.469,4732.991249999999
287481.06,317639.22,30158.158750000002
67423.01,64418.76,3004.2482812499948
16565.06,15557.047,1008.0131250000013
380811.93,369710.97,11100.961249999993
321374.08,298339.22,23034.861250000016
221993.37,233858.7,11865.333125000005
70871.26,67776.086,3095.1740624999948
16358.12,16996.957,638.8370312499992
13172.38,12939.801,232.5792187499992
204686.33,193781.52,10904.814374999987
51657.0,53562.363,1905.36328125
241115.0,252497.08,11382.078125
374.0,154.75967,219.24032592773438
20.93,975.70416,954.7741625976563
81.42,7517.315,7435.89494140625
242937.03,271108.25,28171.22
139711.18,120226.45,19484.726874999993
297678.07,307841.2,10163.117499999993
536049.61,494165.84,41883.766249999986
296664.27,345055.03,48390.76124999998
105582.74,137982.72,32399.978749999995
13738.18,10172.093,3566.0872265625003
6296.13,4437.9385,1858.1915234375
21110.44,19649.492,1460.9478124999987
203200.06,220313.7,17113.643125000002
113189.97,117299.94,4109.967499999999
20288.32,16918.555,3369.7653124999997
249681.09,266545.62,16864.535000000003
129809.55,122488.055,7321.495312500003
569842.94,694122.4,124279.43500000006
251809.8,283551.62,31741.82500000001
160422.71,208721.42,48298.71187500001
244490.69,213027.88,31462.815000000002
13055.81,9576.29,3479.5199609374995
127705.17,130559.47,2854.2987500000017
669203.75,737403.25,68199.5
480001.67,494729.34,14727.673750000016
83573.95,79925.37,3648.582812499997
18962.26,11805.797,7156.463124999998
112369.69,120721.05,8351.356874999998
40316.69,40990.88,674.1889062499977
6425.68,4862.7007,1562.9793164062503
638815.52,713044.75,74229.22999999998
229196.23,211783.38,17412.85500000001
86316.43,100844.36,14527.929375000007
3856.8,7622.6377,3765.8376953125
47619.54,56689.254,9069.71390625
95001.43,103904.875,8903.445000000007
14687.42,8283.487,6403.9326953125
8201.0,6624.1807,1576.8193359375
137019.0,167886.8,30867.796875
186929.0,193998.17,7069.171875
126590.0,143415.38,16825.375
595823.0,575476.4,20346.625
37908.0,45991.816,8083.81640625
5.03,-1384.8623,1389.8923046875
738.0,5211.5625,4473.5625
835.73,591.9518,243.77821777343752
9.03,2109.3777,2100.347685546875
603.46,972.397,368.93697265624996
632.18,-1254.759,1886.9390332031248
112.33,3253.248,3140.918046875
67.0,8398.33,8331.330078125
263.44,-162.93095,426.3709539794922
4.78,-1823.49,1828.269990234375
1.65,1851.0392,1849.3891845703124
118.15,2468.1096,2349.959619140625
1.29,-742.9274,744.2174291992187
38.13,6345.647,6307.51697265625
318.46,6345.647,6027.18697265625
182.0,1869.44,1687.43994140625
514.36,-903.52484,1417.8848413085939
469.93,945.82196,475.89196044921874
638198.79,511744.5,126454.29000000004
16929.87,18111.379,1181.508906250001
83125.84,95838.56,12712.722500000003
9001.03,6534.7417,2466.2883007812507
525218.03,505436.8,19781.217500000028
10301.44,10318.748,17.30804687499949
39687.3,38681.97,1005.3312500000029
12304.47,9733.546,2570.9241015624993
50707.62,56157.59,5449.969843749997
25464.72,29870.713,4405.992890624999
11975.52,13138.899,1163.3794140624996
158.9,1473.0198,1314.119775390625
578805.35,548663.06,30142.287499999977
116076.29,85878.516,30197.774374999994
948088.97,929393.6,18695.344999999972
26454.98,39402.484,12947.504375
18654.25,16796.771,1857.478515625
82954.0,81388.664,1565.3359375
77206.0,77593.56,387.5625
923413.0,791760.4,131652.625
10873.0,9774.083,1098.9169921875
862.0,3647.7212,2785.72119140625
472.65,7279.1797,6806.5296875
31674.09,42915.105,11241.01546875
58368.73,45304.016,13064.714375000003
128293.57,132084.58,3791.008124999993
23824.5,28441.729,4617.228515625
48851.51,47822.35,1029.158437500002
5980.75,6245.516,264.76611328125
19432.3,14629.392,4802.908398437499
90857.69,81134.9,9722.791562500002
56389.69,60031.113,3641.4232812499977
37103.35,42102.297,4998.9468750000015
426.9,2276.4172,1849.517236328125
7869.63,11802.673,3933.0428515625
36559.9,39927.23,3367.3304687499985
122554.37,103199.984,19354.385624999995
30378.06,31812.06,1434.0005468749987
69828.73,55119.605,14709.124531249996
323107.61,302625.0,20482.609999999986
49513.29,63744.234,14230.944375
4476.81,6015.1445,1538.3345312499996
26328.75,35738.477,9409.7265625
12065.71,13625.645,1559.9345312500009
5318.98,6864.77,1545.7900195312504
7395.93,8564.42,1168.4899218749997
48181.74,62357.176,14175.435781250002
65692.71,42836.348,22856.362343750006
143008.93,132463.6,10545.336249999993
348.41,-344.0405,692.450496826172
11490.47,11269.824,220.64578124999935
17769.03,14204.018,3565.012421874999
91188.83,79006.586,12182.244062500002
110901.56,90285.13,20616.427187499998
119871.01,125771.984,5900.974375000005
43183.46,38208.28,4975.178749999999
302038.88,289438.4,12600.473750000005
5673.07,8371.85,2698.7796093750003
98207.86,85964.89,12242.969375
47940.19,56065.12,8124.931093749998
96707.62,76341.67,20365.948124999995
120291.33,133687.22,13395.888749999998
6926.07,10745.728,3819.6575390625003
4918.38,13307.016,8388.635624999999
66668.0,96208.14,29540.140625
117257.0,99963.086,17293.9140625
94965.0,89140.23,5824.7734375
94568.0,108152.805,13584.8046875
20200.91,27604.707,7403.79703125
68651.03,64956.004,3695.026093749999
30429.76,26358.334,4071.4260156249984
232540.64,197200.55,35340.093125000014
166766.79,144221.23,22545.555625000008
28778.99,30951.797,2172.8068749999984
43980.43,44495.47,515.0387499999997
24583.49,28430.826,3847.3361718749984
72980.53,58189.793,14790.737031249999
69.88,5255.749,5185.8690234375
10342.2,13785.364,3443.1642578124993
66956.46,61371.652,5584.807656250006
246564.18,221882.48,24681.695624999993
68823.14,48337.285,20485.85484375
70062.57,77528.875,7466.304999999993
2132.65,-15.55361,2148.2036098480226
86.9,5815.975,5729.07509765625
16728.21,30376.219,13648.00875
44839.8,45477.895,638.0945312499971
203344.76,208128.86,4784.099374999991
72985.18,64006.39,8978.789374999993
69164.58,72297.99,3133.4121874999983
41056.31,45923.035,4866.725156250002
1739.39,978.9211,760.4689184570314
6364.37,5964.5786,399.7913867187499
11648.15,23260.637,11612.48671875
130151.43,119372.45,10778.976874999993
63136.39,72119.05,8982.656875
137057.19,124374.31,12682.877500000002
32185.63,45906.19,13720.561406249999
1715.62,514.8108,1200.809208984375
72.97,14040.659,13967.6891796875
9899.07,12751.558,2852.4876171875003
22042.94,28560.432,6517.491640625001
46345.03,47083.68,738.6496875000012
152831.03,150242.28,2588.748749999999
53843.97,40578.684,13265.286406250001
124.77,2627.9128,2503.142841796875
23304.21,37884.43,14580.2196875
1809.06,-306.34528,2115.405275878906
16301.49,14725.266,1576.2243749999998
67942.01,54824.137,13117.873281249995
178318.81,177023.88,1294.9349999999977
344303.81,320641.66,23662.153749999998
22961.01,20385.6,2575.4103906249984
71172.21,73012.58,1840.3681249999936
47494.0,46122.75,1371.25
79429.0,64164.97,15264.03125
96205.0,72465.35,23739.6484375
704.0,2864.0745,2160.074462890625
67784.78,52456.68,15328.100312499999
444025.8,374533.62,69492.17499999999
3087.95,2349.2434,738.7065917968748
55987.47,48808.918,7178.552031250001
298677.72,304041.62,5363.905000000028
409149.71,412918.94,3769.227499999979
58898.59,50010.066,8888.523593749997
552983.0,524117.8,28865.1875
1025.0,4043.5286,3018.528564453125
55.559,901.31244,845.7534389648438
32.764,2315.8037,2283.0397109375
17.611,511.06836,493.457359375
26.004,1940.9081,1914.9040810546876
44.508,1911.9365,1867.4285234375
59.492,-960.60034,1020.092341796875
30.209,3259.06,3228.85105859375
37.105,2924.0713,2886.9662890625
15.701,3430.7397,3415.03874609375
49.274,-2512.2744,2561.5484140625
35.899,-679.5112,715.41023046875
31.371,3267.9563,3236.585298828125
44.297,-587.84845,632.1454497070313
18.223,1568.3424,1550.1194072265625
190.8,-1012.584,1203.383984375
218.75,-1291.2515,1510.00146484375
260.98,-1291.2515,1552.23146484375
158.68,-664.9373,823.6173168945313
300.0,-1588.695,1888.6949462890625
449584.54,453543.66,3959.116250000021
314443.94,274425.34,40018.59625
170934.99,180324.56,9389.57250000001
420.38,4136.2856,3715.90564453125
8244.51,7247.695,996.8151757812502
307860.89,302815.44,5045.452500000014
641804.29,637383.6,4420.665000000037
441241.69,464436.53,23194.841249999998
219953.32,250380.31,30426.992499999993
549639.74,541324.06,8315.67749999999
158988.38,170598.44,11610.057499999995
304.28,-807.38354,1111.663544921875
28744.69,11188.038,17556.6519140625
521459.25,531930.1,10470.875
277156.28,286295.78,9139.501249999972
424913.9,425279.72,365.8187499999767
444358.24,353086.22,91272.02124999999
164640.49,144253.44,20387.05249999999
14532.67,14770.113,237.44328124999993
320330.73,292168.12,28162.60499999998
464730.69,495827.78,31097.091249999998
1319623.64,1379453.8,59830.1100000001
1244.61,7237.7715,5993.161484375
442.71,900.85114,458.14113525390627
430961.73,400659.16,30302.57374999998
277583.76,268001.3,9582.44750000001
494699.98,481913.2,12786.792499999981
555747.09,579413.06,23665.972500000033
13254.34,12483.706,770.6339453125001
31271.18,30756.924,514.2561718750003
512391.58,523165.62,10774.044999999984
453787.94,401051.8,52736.1275
495878.2,459706.56,36171.63750000001
497339.49,522603.1,25263.60375000001
454937.51,403556.2,51381.32250000001
236248.23,230436.33,5811.9018750000105
223427.76,234985.16,11557.39624999999
6547.7,12934.613,6386.91328125
28913.8,32937.035,4023.2351562500007
345984.0,322779.62,23204.375
331255.0,254772.66,76482.34375
568548.0,499374.97,69173.03125
1583262.0,1238742.0,344520.0
1194712.0,1212572.9,17860.875
215065.0,190574.28,24490.71875
160944.0,142116.95,18827.046875
6978.0,16496.363,9518.36328125
897.0,827.92584,69.07415771484375
793265.2,708749.56,84515.63749999995
291349.5,307756.34,16406.84375
697786.82,663721.7,34065.13249999995
165665.71,202317.28,36651.57125000001
215128.23,264061.22,48932.98874999999
3242.79,-67.30109,3310.091086425781
70558.54,78395.02,7836.483437500006
531612.56,555223.75,23611.189999999944
154914.72,171331.81,16417.0925
304616.52,356021.56,51405.04249999998
3594.51,1313.1248,2281.385244140625
290756.37,268957.38,21798.994999999995
481295.66,513422.53,32126.871250000026
162337.1,141960.98,20376.115625000006
76704.57,59829.344,16875.226250000007
241.94,1372.8588,1130.9187646484374
22854.56,25011.201,2156.6411718749987
108444.53,93919.67,14524.858124999999
67478.55,72257.28,4778.731249999997
169583.59,181576.34,11992.753750000003
286152.12,304599.0,18446.880000000005
387733.09,387305.12,427.9650000000256
743073.56,673516.44,69557.12250000006
483976.74,535461.4,51484.63500000001
171357.49,164675.23,6682.255624999991
180.11,6187.5576,6007.4476171875
3401.4,7080.892,3679.49208984375
7332.35,6102.1904,1230.1595703125004
424840.1,408435.03,16405.068749999977
481758.33,542820.1,61061.794999999984
137763.91,144816.34,7052.4337499999965
161073.29,159786.92,1286.3681250000081
164951.88,188801.75,23849.869999999995
135.08,5146.2476,5011.16755859375
3382.08,6648.753,3266.6729296875
15201.27,20471.041,5269.771015625
96637.48,95308.85,1328.628437499996
160694.62,171453.17,10758.551875000005
353911.22,361286.78,7375.561250000028
348736.08,280313.62,68422.45500000002
376431.03,377595.94,1164.907499999972
143193.67,131986.7,11206.966875000013
158931.43,159194.48,263.054375000007
157.57,4363.04,4205.4700390625
15925.58,8958.877,6966.703046875
3181.05,1607.12,1573.9300048828127
151779.3,168176.67,16397.37187500001
732281.33,680018.6,52262.70499999996
595405.86,566863.5,28542.359999999986
163.78,7238.9507,7075.17068359375
4012.62,8054.5684,4041.948359375
8803.8,11220.066,2416.2664062500007
278014.0,260680.2,17333.796875
310539.0,281423.2,29115.8125
164523.0,170119.77,5596.765625
690388.0,612562.3,77825.6875
176533.0,180453.6,3920.59375
55050.0,44019.09,11030.91015625
120335.0,130277.59,9942.59375
177242.0,179602.92,2360.921875
453077.0,487424.0,34347.0
514528.78,469265.72,45263.06125000003
175555.17,160010.23,15544.935625000013
302466.49,297536.78,4929.708749999991
248200.92,207494.23,40706.68562500001
289458.37,279722.7,9735.682499999995
243711.73,231351.88,12359.85500000001
8485.37,6116.5566,2368.813359375001
167665.54,154944.5,12721.040000000008
234788.11,196741.25,38046.859999999986
156219.52,172892.7,16673.18312500001
91313.32,96906.41,5593.086249999993
186090.84,183120.11,2970.7306249999965
6084.58,4581.0957,1503.484296875
5031.1,7243.3896,2212.2896484374996
377333.2,374391.12,2942.0750000000116
590263.37,643163.7,52900.317500000005
470832.63,473424.34,2591.7137499999953
261018.48,282075.9,21057.42624999999
272936.27,305278.84,32342.57374999998
312686.37,319176.9,6490.536250000005
309053.07,281566.06,27487.007500000007
407716.63,390139.94,17576.692500000005
4988.4,6548.783,1560.3832031250004
151157.12,152800.77,1643.6456250000047
786475.65,771223.5,15252.150000000023
792662.09,786808.2,5853.902499999967
9832.67,18443.045,8610.374921875
215482.79,193178.19,22304.602500000008
704288.94,748001.44,43712.497500000056
5032.96,6666.831,1633.8710546875
235502.11,227973.28,7528.828749999986
308646.08,317514.2,8868.107499999984
616725.77,651524.0,34798.22999999998
201044.34,211934.2,10889.863125000003
798704.85,795649.7,3055.1624999999767
167191.35,201896.0,34704.649999999994
104859.35,93046.85,11812.498437500006
277354.51,278115.3,760.8024999999907
437458.25,431327.7,6130.5625
101501.42,90899.11,10602.310624999998
12610.42,22330.033,9719.613203125
158029.0,156699.14,1329.859375
453636.0,437189.1,16446.90625
308221.0,297984.38,10236.625
68460.67,85934.664,17473.9940625
92895.48,114502.75,21607.270000000004
32388.01,49776.996,17388.98609375
32975.61,34918.242,1942.6321874999994
11691.74,13022.387,1330.6467187500002
70116.03,82242.93,12126.899687500001
65968.8,84864.54,18895.739062499997
23345.99,29574.809,6228.818593749998
9486.57,8884.918,601.6520312499997
29270.04,32359.629,3089.588906249999
7952.03,9289.095,1337.0647265625003
12166.26,13026.816,860.5564062499998
17793.3,21732.096,3938.7957031250007
63063.54,69140.52,6076.983437499999
7891.77,7044.83,846.9399218750004
205501.0,223471.98,17970.984375
46087.0,65717.64,19630.640625
81786.0,110049.484,28263.484375
82996.0,89264.39,6268.390625
58102.0,74372.88,16270.8828125
13158.0,12580.8545,577.1455078125
40204.92,39354.086,850.8340624999983
192786.24,275666.3,82880.07250000001
153342.35,177470.8,24128.446874999994
145296.04,144216.03,1080.0087500000081
5128.24,2963.9229,2164.3171484375
245195.57,419660.3,174464.7425
19923.66,23451.094,3527.43375
6111.35,-4104.998,10216.348046875
190762.02,201711.38,10949.35500000001
73487.24,91089.8,17602.556874999995
54341.6,51323.67,3017.9281249999985
3078.86,1615.0758,1463.7841943359376
52839.26,60076.35,7237.091562499998
188249.94,279105.94,90855.9975
108484.63,108179.55,305.08312500000466
59184.43,57176.504,2007.9260937500003
39071.33,50228.684,11157.353593749998
4687.07,1856.0743,2830.995659179687
153537.87,234601.03,81063.16125
93771.77,86010.68,7761.090312500004
60795.25,56788.91,4006.33984375
39007.13,41986.2,2979.0692187500026
7376.23,3505.432,3870.7981152343746
92711.0,74161.62,18549.3828125
42221.0,50223.285,8002.28515625
2165.74,390.85675,1774.8832495117185
14061.89,14911.916,850.0260156250006
2891.94,4603.3,1711.3598046875
15171.14,14994.422,176.71812499999942
9870.26,10648.737,778.4773046874998
48572.83,63499.4,14926.568437499998
476.77,-3979.5469,4456.316875
29160.84,42057.016,12896.175625
30994.22,41828.79,10834.569062499999
85923.18,94454.86,8531.679375000007
568.9,1021.2463,452.3462768554688
2184.04,201.72769,1982.3123083496093
26098.98,46172.125,20073.145
137516.69,166255.44,28738.747499999998
6108.75,5080.676,1028.07421875
1045.85,-14.387825,1060.237825012207
1068.0,-3742.2915,4810.29150390625
115188.0,117324.44,2136.4375
1076.0,124.3107,951.6893005371094
40889.0,46325.707,5436.70703125
24310.0,21922.64,2387.359375
4.0,-171.50159,175.5015869140625
1089.61,-1174.2954,2263.9054101562497
48251.88,49594.5,1342.6200000000026
7212.12,6754.8057,457.3143359374999
110940.44,134692.52,23752.075624999998
1081.75,360.05328,721.6967163085938
115103.82,122667.98,7564.156562499993
45100.57,50318.855,5218.28546875
52886.67,40302.555,12584.115312499998
48133.9,49315.934,1182.0335937499985
5286.0,3158.722,2127.278076171875
15165.0,15868.916,703.916015625
8230.39,7723.0347,507.3553320312494
12610.09,22652.203,10042.113125
61.6,-2776.369,2837.968896484375
5061.43,2900.5955,2160.8345410156253
7989.3,8111.628,122.32792968749982
295.38,-457.36182,752.74181640625
459.0,-590.34784,1049.3478393554688
31.0,-1816.2592,1847.2591552734375
310.07,247.48761,62.58239013671874
284.05,-1219.9688,1504.01875
373.35,10991.489,10618.1392578125
102.13,-57.290237,159.4202374267578
287.3,1081.1517,793.8517333984375
151.66,1420.9688,1269.30875
184.07,3592.473,3408.402900390625
95255.86,91294.39,3961.4693750000006
25189.74,28816.771,3627.0314843749984
121750.98,129531.92,7780.941875000004
2318.24,7784.073,5465.8332421875
57093.19,67323.47,10230.278749999998
148158.63,137602.72,10555.911250000005
75751.91,71175.87,4576.0428125000035
74260.22,71123.8,3136.423125000001
24205.52,27324.508,3118.9878124999996
62802.09,66659.305,3857.2146875000035
100985.27,101737.94,752.6674999999959
130558.89,130102.26,456.6321874999994
29297.35,22956.873,6340.4769531249985
608009.47,584732.2,23277.282499999972
60121.34,52454.98,7666.3595312499965
63178.9,61281.555,1897.3453125000015
375139.71,382579.34,7439.633749999979
460853.0,401283.56,59569.4375
694734.0,679948.44,14785.5625
157354.0,161504.77,4150.765625
282558.0,241907.3,40650.703125
8.28,2809.5215,2801.241484375
0.43,-557.9396,558.3695751953124
885.6,2947.45,2061.849951171875
375.09,2546.8606,2171.770595703125
13.38,-413.995,427.3749951171875
29.94,-521.92615,551.8661474609376
3.09,-1513.1615,1516.2514990234374
271.0,10122.085,9851.0849609375
81.0,-924.50275,1005.5027465820312
29140.12,30736.033,1595.913203125001
16224.24,14585.125,1639.1149999999998
15658.14,12408.166,3249.9739843749994
12947.59,15419.938,2472.3484765625
265688.51,278783.72,13095.20874999999
59112.05,57089.56,2022.491406250003
357912.91,373030.06,15117.152500000026
250214.48,236439.19,13775.29250000001
373219.71,393696.72,20477.00874999998
241781.21,224013.33,17767.881874999992
183284.54,182660.98,623.5556250000081
67935.12,63424.34,4510.780156249995
249268.61,243688.42,5580.188124999986
122867.01,121891.92,975.0881249999948
254291.36,237904.9,16386.453749999986
12601.78,10431.781,2169.9987500000007
424529.0,400968.0,23561.0
154101.0,151204.36,2896.640625
76626.0,70936.33,5689.671875
962.89,1341.7561,378.866103515625
764.66,5078.8936,4314.2335546875
833.23,2099.1943,1265.9643359375
522.65,-1397.7052,1920.3552001953126
346.39,2655.2087,2308.818740234375
6.0,-1646.7766,1652.776611328125
27.0,-3132.8894,3159.889404296875
236789.59,217014.6,19774.996249999997
267950.2,265628.34,2321.8562500000116
603283.52,577450.75,25832.77000000002
92463.56,103732.9,11269.338437500002
199468.24,252479.14,53010.90062500001
250984.77,287648.66,36663.88625000001
117351.71,138433.14,21081.430624999994
129810.28,115506.52,14303.756562499999
267271.03,297245.1,29974.063749999972
515011.95,529393.0,14381.049999999988
589515.24,516199.88,73315.36499999999
309844.13,302085.94,7758.192500000005
182731.65,238717.02,55985.365625000006
218545.13,255580.7,37035.573124999995
95885.26,103717.57,7832.310312500005
771447.21,843892.7,72445.47750000004
516868.64,535577.5,18708.859999999986
66749.76,76580.95,9831.193125000005
10397.5,5889.646,4507.85400390625
123599.16,104374.15,19225.011562500003
264187.69,244323.8,19863.893125000002
80409.25,88959.914,8550.6640625
208838.17,209110.73,272.5643749999872
127923.41,143372.05,15448.636874999997
118394.01,117565.1,828.9084374999948
144793.92,118244.164,26549.755937500013
82973.84,87454.76,4480.9178125000035
208866.69,199334.98,9531.705625000002
219608.6,222899.67,3291.071874999994
215957.87,217970.86,2012.9893750000047
47147.1,50954.418,3807.3179687500015
126551.43,131892.39,5340.960625000007
231655.61,242457.62,10802.015000000014
483868.74,475566.62,8302.11499999999
194714.72,222039.58,27324.858125
115610.02,129524.555,13914.534687499996
193846.58,196004.16,2157.576250000013
587729.75,656843.94,69114.1875
280392.73,285322.66,4929.926250000019
238901.89,219842.6,19059.296250000014
14860.86,14205.082,655.7779687500006
139485.0,118531.41,20953.59375
258421.0,284148.34,25727.34375
783762.0,772668.5,11093.5
257320.0,256640.45,679.546875
10553.0,8462.322,2090.677734375
367.52,4264.6655,3897.14552734375
764.28,2169.1213,1404.841337890625
27.0,340.82758,313.82757568359375
661.34,-8730.4375,9391.7775
2.14,9305.972,9303.8316796875
23.42,-4644.6807,4668.1006640625
492.54,1179.3159,686.77591796875
334.87,2943.645,2608.77501953125
16.7,2206.771,2190.07099609375
22.0,4717.526,4695.52587890625
484123.06,513268.56,29145.502500000002
84206.44,83386.61,819.8306250000023
24470.82,14892.469,9578.35125
14881.78,18092.195,3210.4153124999993
103511.64,109214.35,5702.711562500001
905845.79,928680.0,22834.209999999963
575340.17,465434.7,109905.48250000004
12735.42,14495.528,1760.1083203125
51866.22,48695.53,3170.688750000001
157015.79,146381.25,10634.540000000008
633627.74,573121.0,60506.73999999999
137.53,-2269.5037,2407.033662109375
8532.43,7013.6494,1518.7805859375003
66001.95,72799.88,6797.932812500003
149202.8,117780.68,31422.12031249999
887255.63,938661.8,51406.182499999995
44654.28,42451.816,2202.463593749999
574966.07,540869.25,34096.81999999995
76856.01,80768.75,3912.7400000000052
16783.5,14614.297,2169.203125
12471.86,12081.627,390.2330468750006
14594.21,16212.162,1617.9521093750009
534586.78,514993.47,19593.311250000028
74549.71,69326.09,5223.616250000006
897427.6,952014.25,54586.65000000002
701509.52,658128.2,43381.33250000002
22573.26,24782.53,2209.2692968750016
13955.94,20799.65,6843.7103906249995
525899.56,473844.34,52055.216250000056
68921.98,67459.33,1462.651874999996
47640.28,37582.918,10057.362031249999
731587.52,588547.94,143039.58250000002
25815.0,35324.77,9509.76953125
91517.0,79033.41,12483.59375
19633.0,19513.312,119.6875
7390.0,6819.23,570.77001953125
91162.61,100443.266,9280.655625
55539.11,44172.79,11366.3209375
25974.82,19708.793,6266.02703125
24746.32,24494.762,251.5582812499997
129213.79,107745.4,21468.391562499994
167543.64,174556.56,7012.922499999986
59518.29,60250.883,732.5928124999991
47619.58,44928.77,2690.8104687500017
8675.96,10583.052,1907.0917578125009
41930.98,57483.023,15552.043437499997
110246.52,106036.86,4209.660625000004
58193.58,40103.367,18090.2128125
35311.46,34872.023,439.4365624999991
624.4,1495.0016,870.6015869140625
56125.53,57774.715,1649.1848437500012
52962.33,59675.6,6713.271562499998
55660.79,45854.746,9806.04390625
125103.01,127309.805,2206.7946875000052
42388.81,44151.02,1762.2095312500023
331769.45,313895.06,17874.38750000001
43037.79,52890.71,9852.9209375
29247.18,22549.04,6698.1409375
79223.04,72485.54,6737.500937499994
6342.59,8106.802,1764.2117578124999
38311.52,43102.957,4791.437031250003
8964.16,8026.714,937.4461328124999
124068.5,112920.97,11147.53125
85067.43,71287.31,13780.117499999993
32554.64,34560.348,2005.7076562500006
11518.35,10426.205,1092.1449218750004
217.1,-2325.782,2542.881982421875
11644.21,9769.459,1874.7510156249991
223288.0,265056.4,41768.40625
93067.0,71558.87,21508.1328125
108718.0,115247.92,6529.921875
5264.0,8472.555,3208.5546875
5430.41,-2931.34,8361.750087890625
174531.52,142148.9,32382.61374999999
91836.92,70943.9,20893.0215625
2435.45,6191.3193,3755.8693359375
5157.95,72.77111,5085.178889465332
2440.92,10339.499,7898.5790234375
28312.69,36120.266,7807.575625000001
70958.62,67701.336,3257.2840624999953
37457.89,43499.414,6041.524062500001
2378.24,3594.9146,1216.6745507812502
53313.52,55491.55,2178.030781250003
62990.6,59189.902,3800.6976562499985
10844.51,13350.293,2505.78296875
150400.84,136502.38,13898.464999999997
2203.58,3770.334,1566.753984375
30288.69,37330.555,7041.864687500001
200097.22,190593.47,9503.751250000001
323839.47,288910.56,34928.90749999997
42784.33,44839.945,2055.6153124999983
108241.39,101200.875,7040.514999999999
54313.59,57650.793,3337.2029687500035
133428.17,120421.625,13006.545000000013
27701.99,24646.316,3055.6735937500016
84438.5,59970.3,24468.19921875
9203.42,8028.367,1175.0528125
65264.23,54756.17,10508.058125000003
35701.39,51627.29,15925.8990625
114.8,7413.251,7298.4509765625
24754.0,35640.637,10886.63671875
81123.0,84861.23,3738.2265625
165764.0,174192.62,8428.625
83.0,21852.604,21769.603515625
420047.03,354498.62,65548.40500000003
348869.03,371124.75,22255.719999999972
3496.82,1461.5397,2035.2803271484377
9751.86,8094.6064,1657.2535546875006
4747.24,-1780.619,6527.859018554687
434087.91,450715.2,16627.277500000026
379567.82,377387.62,2180.195000000007
327151.31,323980.34,3170.9662499999977
66960.58,56185.32,10775.259687500002
290083.09,294686.75,4603.659999999974
2708.06,-1975.4637,4683.523745117187
61045.0,56693.453,4351.546875
41.113,6030.8184,5989.705359375
57.159,9516.205,9459.046078125
7.525,-905.1081,912.6330932617187
16.27,-830.57874,846.8487353515625
6.246,-3176.7861,3183.0321328125
23.38,1073.181,1049.8010302734374
5.81,-2459.568,2465.378115234375
4.818,-754.8446,759.6626044921875
59.331,9751.367,9692.0361875
167.25,272.7232,105.47320556640625
525859.03,542143.56,16284.532499999972
316212.98,288365.28,27847.69874999998
552564.77,524704.56,27860.20750000002
31610.43,16803.168,14807.26203125
942932.04,880981.9,61950.16500000004
1090.79,4422.146,3331.35599609375
3045.2,2284.7,760.5000488281248
282791.46,288708.12,5916.664999999979
277317.9,258478.78,18839.118750000023
307178.0,304547.7,2630.3125
1363311.87,1385662.0,22350.12999999989
970759.74,940613.4,30146.36499999999
1087873.9,1042331.25,45542.64999999991
504103.31,581703.0,77599.69
152.26,2011.494,1859.2340185546875
28371.86,15779.228,12592.6324609375
443319.91,438032.0,5287.909999999974
445909.19,458125.56,12216.372499999998
1482255.86,1312011.8,170244.1100000001
1226880.08,1161950.1,64929.955000000075
173.99,1629.0621,1455.0721337890625
54233.66,56948.59,2714.9298437499965
283266.58,290204.1,6937.513749999984
391379.69,373741.44,17638.252500000002
299124.49,287998.53,11125.95874999999
123.61,4077.4087,3953.79869140625
16187.08,17724.383,1537.3028125
30.51,2522.904,2492.394052734375
31891.85,18781.506,13110.344140624999
630847.78,605126.94,25720.842500000028
353415.07,346326.47,7088.601250000007
180397.1,180867.88,470.7749999999942
416476.98,488267.2,71790.20750000002
150.39,5129.74,4979.350234375
28913.8,17463.82,11449.9796875
1094781.0,1046280.1,48500.875
500189.0,565835.7,65646.6875
676.0,9003.246,8327.24609375
50779.0,51870.074,1091.07421875
75977.15,85053.195,9076.045312500006
405213.97,361973.6,43240.37624999997
339191.04,289351.56,49839.47749999998
228865.76,206304.1,22561.66625000001
184027.59,184378.02,350.4256250000035
413741.64,376583.1,37158.546250000014
8856.04,3502.9822,5353.057822265626
210268.5,213513.84,3245.34375
267832.68,269224.4,1391.726250000007
208566.2,192464.55,16101.653125000012
666141.3,647086.2,19055.112500000047
416313.45,331580.03,84733.41875000001
793906.97,644927.94,148979.03249999997
162633.11,146904.7,15728.406874999986
371398.19,372721.06,1322.8724999999977
310778.15,236895.05,73883.10312500002
258152.42,248325.92,9826.498125000013
127344.23,155246.25,27902.020000000004
592999.98,553517.6,39482.35499999998
175730.59,178817.89,3087.3006250000035
180668.1,188307.44,7639.337499999994
187139.81,221147.28,34007.47125
942.03,6481.1787,5539.1487109375
7766.16,10577.372,2811.2120703125
739139.63,693497.6,45642.005000000005
289997.96,273815.2,16182.772500000021
258862.96,268930.6,10067.633750000008
549004.67,533526.7,15477.982500000042
185217.59,190388.98,5171.3943750000035
185622.0,222797.88,37175.875
409805.38,402154.16,7651.223750000005
279100.57,268498.7,10601.882500000007
66996.75,66618.36,378.390625
338083.63,358810.53,20726.901249999995
308529.08,268742.16,39786.923750000016
179211.77,175306.69,3905.0824999999895
615685.96,570833.94,44852.02249999996
130915.33,137161.06,6245.732499999998
772488.96,661459.44,111029.52249999996
404317.61,412801.25,8483.640000000014
266578.42,246026.19,20552.232499999984
187316.85,190568.44,3251.587499999994
46499.41,43423.414,3075.9959375000035
169539.43,195512.42,25972.991875000007
651135.71,644054.5,7081.209999999963
103082.48,97143.85,5938.628437499996
59488.44,65552.56,6064.122499999998
319661.43,227685.28,91976.14875
259568.75,245415.6,14153.15625
137256.42,136509.31,747.1075000000128
154736.31,133498.28,21238.028749999998
419117.47,417845.56,1271.907499999972
14209.65,18801.623,4591.973046875
3542.69,3633.2883,90.59833007812495
61519.0,66565.19,5046.1875
604967.0,646453.06,41486.0625
309316.0,322052.0,12736.0
248.0,8293.606,8045.6064453125
14996.0,10305.825,4690.1748046875
89684.44,102078.89,12394.450624999998
120574.63,124152.88,3578.2528124999953
224178.63,201931.53,22247.098750000005
395385.12,352904.8,42480.307499999995
404953.1,363481.12,41471.97499999998
746762.6,731010.4,15752.224999999977
752513.4,761668.1,9154.724999999977
114179.46,113715.164,464.2959375000064
4871.29,5454.7754,583.485390625
5869.53,6280.446,410.91580078125025
322205.5,312578.84,9626.65625
222837.82,214479.62,8358.195000000007
281072.26,255685.77,25386.49437500001
283894.22,290234.38,6340.155000000028
445253.86,431173.7,14080.172499999986
269463.05,299083.66,29620.60625000001
839724.43,771586.56,68137.86750000005
367717.66,355337.72,12379.941249999974
201620.0,199919.39,1700.609375
159928.19,156478.31,3449.8775000000023
273358.61,269591.47,3767.141249999986
295075.52,307946.12,12870.604999999981
615697.87,672868.1,57170.255000000005
513490.07,484547.97,28942.101250000007
258951.46,282534.22,23582.758750000008
190180.14,209548.0,19367.859999999986
264950.78,260063.03,4887.748750000028
379666.19,340063.7,39602.5025
195323.29,214497.3,19174.006874999992
221979.41,192795.88,29183.535000000003
5793.3,7302.802,1509.5017578124998
8304.59,9381.371,1076.7810937499999
271606.78,280504.6,8897.813749999972
300829.01,315713.06,14884.05249999999
238677.65,265868.78,27191.131250000006
141628.0,135293.8,6334.203125
903882.29,842127.56,61754.72750000004
107648.71,95195.48,12453.233437500006
5212.13,6094.798,882.6678515624999
10771.15,8606.211,2164.9390624999996
11453.92,13919.223,2465.30265625
8117.31,15617.691,7500.38140625
392994.08,368338.97,24655.111250000016
183533.76,177887.62,5646.135000000009
302890.75,310357.3,7466.5625
501741.12,473839.84,27901.276249999995
217810.48,215112.23,2698.2456250000105
8068.88,25763.209,17694.328984375
4862.81,8244.173,3381.3628515624996
379244.91,364259.66,14985.253749999974
171154.02,164058.89,7095.1293749999895
174072.2,164058.89,10013.309375000012
623264.88,661198.94,37934.057499999995
285714.44,242996.19,42718.2525
342291.32,311866.25,30425.070000000007
765703.53,737752.0,27951.530000000028
710527.18,708479.8,2047.3675000000512
10496.65,10610.443,113.79335937500036
3449.63,1171.4403,2278.1896923828126
441642.0,421922.34,19719.65625
772571.0,803261.1,30690.125
879994.0,814170.6,65823.375
131369.0,115829.29,15539.7109375
6068.0,7409.243,1341.2431640625
8243.0,6695.124,1547.8759765625
3025.0,6231.1406,3206.140625
106176.5,96941.5,9235.0
74603.57,95199.16,20595.586249999993
51581.62,73412.22,21830.598749999997
103724.75,123076.414,19351.6640625
10648.42,10834.333,185.91300781249993
36251.8,43271.004,7019.203906249997
102856.61,104526.57,1669.9603124999994
68060.52,83183.266,15122.745624999996
85131.76,102263.16,17131.396250000005
108845.74,111560.414,2714.6740624999948
24567.79,39432.875,14865.085
116454.98,148751.77,32296.785625000004
31685.2,39892.55,8207.35078125
99134.79,87550.555,11584.235312499994
27399.63,29880.168,2480.537968749999
44514.16,68448.305,23934.144687499997
105450.58,97776.19,7674.392500000002
524.98,-1393.9938,1918.9737744140625
64116.98,90207.22,26090.238749999997
457.53,-816.7612,1274.29123046875
100241.01,99455.91,785.1037499999948
88138.69,97978.875,9840.184999999998
27516.36,33482.266,5965.905624999999
38143.8,40027.914,1884.114062499997
56228.08,77206.63,20978.5528125
410.13,-2655.418,3065.54796875
30346.07,32972.773,2626.7034375000003
42370.0,54044.402,11674.40234375
32646.0,37720.266,5074.265625
100464.57,93276.58,7187.991875000007
284558.93,446302.56,161743.6325
19773.56,15701.713,4071.8471093750013
122859.81,109049.35,13810.458437499998
79662.36,92276.68,12614.3196875
169163.19,173981.83,4818.638124999998
115061.9,117890.74,2828.842187500006
97036.85,92907.16,4129.693750000006
52086.96,51654.797,432.1631249999991
17609.79,16691.092,918.6982031250009
109758.31,115836.27,6077.963437500002
107771.39,115734.44,7963.047500000001
80975.24,65877.44,15097.802500000005
3177.68,-380.30106,3557.981055908203
22470.0,23226.738,756.73828125
103960.0,116335.17,12375.171875
305183.68,266306.4,38877.27374999999
5270.02,4428.7935,841.2265429687504
10003.59,9921.157,82.43277343750015
37574.66,62293.02,24718.359531249997
59061.22,77170.42,18109.201875
90.11,-3130.4343,3220.544326171875
58166.38,79119.05,20952.666875000003
13760.31,16141.466,2381.1558203125005
6761.02,6195.469,565.5507617187504
7574.66,6726.002,848.6580468749999
46.35,-1340.4386,1386.7885986328124
330.44,-4048.6877,4379.127744140625
8021.16,7728.9346,292.22542968749985
36292.31,66498.54,30206.229062500002
83087.65,92518.55,9430.896875000006
639.56,2189.8625,1550.302548828125
53.49,-7289.972,7343.46216796875
29745.75,24619.246,5126.50390625
337.0,38.46078,298.5392189025879
1120.42,-2764.971,3885.390947265625
13933.69,11607.511,2326.1792578125005
962.88,-2800.9136,3763.79357421875
15926.08,22600.203,6674.123125
16739.31,16190.26,549.0502343750013
1199.22,-782.0793,1981.2992846679688
23352.73,22389.738,962.9917187499996
47018.03,55707.414,8689.384062500001
326.86,-2598.4978,2925.357802734375
13119.61,13923.302,803.6917578124994
21135.98,21331.197,195.21726562500044
45160.69,52455.812,7295.122499999998
5492.34,2022.8651,3469.4748876953126
255.43,4343.9297,4088.4996875
1319.37,-2323.2432,3642.6131640625
680.75,-2784.2593,3465.00927734375
153.81,-4791.62,4945.4301171875
5184.28,967.8562,4216.423798828125
13938.46,9139.163,4799.296914062499
67651.0,58902.383,8748.6171875
110870.0,95184.66,15685.34375
11469.0,6025.8096,5443.1904296875
51.38,1371.1067,1319.726689453125
11626.22,42321.188,30694.9675
566.97,-367.20007,934.1700732421875
5673.66,2632.1042,3041.555751953125
18704.0,27390.414,8686.4140625
554.53,-2874.1604,3428.6904003906247
807.06,1826.9485,1019.888486328125
701.46,195.8812,505.57880493164066
182.64,1840.3586,1657.7186425781251
118.12,181.0076,62.88759887695312
103.48,-1603.404,1706.884052734375
54.44,-3436.8323,3491.272275390625
60.96,-1742.874,1803.8340234375
16.89,-7546.1855,7563.075546875
60.0,5864.9443,5804.9443359375
110.0,3216.1802,3106.18017578125
441855.33,476980.53,35125.201249999984
134478.34,124982.69,9495.652499999997
141246.17,124982.69,16263.482500000013
59419.44,85177.44,25757.997499999998
111281.36,99794.87,11486.4928125
112699.15,112263.19,435.9624999999942
78824.55,90039.734,11215.184374999997
113206.52,120681.05,7474.526874999996
130867.36,124641.06,6226.297500000001
325509.23,361345.75,35836.52000000002
60273.6,51862.516,8411.084374999999
2506.64,19194.451,16687.811171875
60665.89,63068.9,2403.0084375000006
123414.48,125424.86,2010.379375000004
330325.73,253064.48,77261.24562499998
113402.71,114533.36,1130.6493749999936
336767.8,321745.6,15022.206249999988
33802.34,42080.805,8278.464687500003
2561.57,5422.727,2861.15705078125
566601.47,548182.0,18419.469999999972
63452.76,60762.16,2690.599843750002
268323.74,329054.3,60730.57250000001
70922.62,70623.35,299.26843749999534
319193.91,373871.25,54677.340000000026
482716.29,541916.25,59199.96000000002
614016.7,623232.75,9216.050000000047
119142.0,121778.48,2636.4765625
72007.0,55034.188,16972.8125
3365.0,8438.734,5073.734375
30328.0,20954.318,9373.681640625
0.22,4477.1133,4476.89328125
0.53,162.5391,162.00909301757812
907.28,3326.0652,2418.7851855468753
139.94,1054.0405,914.10052734375
72.84,1616.3575,1543.5175439453126
51.27,1654.5427,1603.272724609375
665.28,2014.633,1349.353056640625
393.42,65.934875,327.48512451171877
171.13,-755.1777,926.3076733398437
150.0,9622.455,9472.455078125
116147.72,115612.89,534.8293750000012
100787.38,107110.41,6323.026249999995
116409.68,124066.63,7656.952812500007
277059.24,323535.06,46475.82250000001
181943.26,196760.53,14817.27124999999
27170.41,22765.168,4405.24203125
318321.85,386379.28,68057.43125000002
180923.05,183217.69,2294.6375000000116
30281.81,28705.193,1576.6166406250013
32085.7,30307.92,1777.7800781250007
137357.94,137194.98,162.95562500000233
32950.1,30438.629,2511.4710937499985
206122.0,205689.77,432.234375
17205.0,22725.592,5520.591796875
751.6,5132.86,4381.25986328125
212.89,566.23035,353.3403466796875
119.6,-1506.9615,1626.5615478515624
25.46,-3779.495,3804.9551171875
2.0,-2004.3607,2006.3607177734375
62932.87,61539.227,1393.6434375000026
56920.58,62997.027,6076.447343749998
247410.62,265742.7,18332.067500000005
53088.49,53841.234,752.744375000002
150859.45,168832.12,17972.67499999999
116723.65,133006.23,16282.584375000006
94516.76,112489.85,17973.091562500005
195176.31,228144.45,32968.143125
53622.45,58184.14,4561.690625000003
4343.42,3924.6648,418.7552050781251
237862.96,253060.72,15197.758750000008
103684.87,123795.875,20111.005000000005
808284.23,779566.44,28717.79249999998
4225.57,4065.859,159.7111132812497
103063.58,120094.47,17030.88875
112692.14,128801.34,16109.20375
454111.97,426524.3,27587.657499999972
70579.51,81807.29,11227.779062500005
16067.64,18622.951,2555.3111718750006
217869.03,221444.78,3575.751250000001
111980.09,129585.44,17605.347500000003
447855.62,427367.53,20488.088749999995
563546.72,523921.47,39625.25124999997
58216.93,63593.03,5376.10125
81241.01,83516.266,2275.2556250000052
4983.52,-274.5015,5258.021495361329
52984.0,50358.746,2625.25390625
893811.0,858462.25,35348.75
569733.0,520467.4,49265.59375
290717.0,296735.9,6018.90625
457.55,2348.2532,1890.703173828125
888.75,4258.0015,3369.25146484375
685.27,-507.53055,1192.800548095703
25.29,6598.1357,6572.8457421875
407.38,-365.36237,772.7423657226562
4.76,1754.8777,1750.117685546875
389.84,556.98303,167.14303222656253
233.62,1938.2356,1704.615595703125
0.78,-708.4695,709.249482421875
87.15,707.96356,620.8135620117188
27.0,-879.2003,906.2003173828125
75360.65,71669.73,3690.923437499994
32129.07,33528.66,1399.5901562500003
60044.69,74871.016,14826.325624999998
20836.01,19455.604,1380.4064843749984
6483.89,5811.4604,672.4295507812503
71846.34,82088.86,10242.519375000003
55920.35,75148.49,19228.1421875
6495.6,8408.42,1912.8199218749996
12682.17,3213.12,9469.0498828125
70278.25,72416.23,2137.9765625
123933.68,94673.17,29260.508124999993
60730.88,59224.54,1506.3409374999974
15586.11,13237.156,2348.9537500000006
12924.13,7742.186,5181.943964843749
14304.74,14871.418,566.6779687500002
465965.86,443620.38,22345.484999999986
45149.22,55156.285,10007.065156249999
143.12,3369.0354,3225.915400390625
6381.94,7659.694,1277.7538476562504
18708.5,14677.803,4030.697265625
12690.78,24475.025,11784.245390625
102076.84,89915.44,12161.402499999997
44283.22,39687.37,4595.848906250001
10438.12,21071.418,10633.29796875
8362.71,566.19507,7796.514931640624
174474.0,144743.92,29730.078125
1177649.0,1078022.6,99626.375
121519.0,109484.46,12034.5390625
119456.09,129155.03,9698.941250000003
131918.2,109244.42,22673.77812500001
58571.71,63406.625,4834.915000000001
308529.23,298325.9,10203.323749999981
140285.48,138787.05,1498.4331250000105
52037.91,45550.47,6487.4412500000035
27288.88,29336.146,2047.266484374999
5119.74,5782.802,663.0617578125002
13057.94,6510.632,6547.3081640625005
98109.39,86956.61,11152.780625
52079.39,59435.81,7356.418593750001
75623.32,53940.285,21683.034843750007
27995.15,29266.402,1271.2523437499985
5385.93,6145.3647,759.4347460937497
47782.62,55300.203,7517.583124999997
11313.58,11725.866,412.2862109375001
74365.92,92505.016,18139.095625
61350.21,51595.133,9755.0771875
57841.43,45363.45,12477.98078125
73938.86,62259.664,11679.1959375
12655.0,12151.251,503.7490234375
2675.77,11383.917,8708.1469921875
5026.28,5736.7285,710.4485156250003
13352.43,10201.562,3150.8684765625003
87958.52,83538.94,4419.582500000004
59546.4,48098.965,11447.435156250001
57492.48,64885.832,7393.352031249997
29263.5,24403.6,4859.900390625
496.21,-3486.0972,3982.30716796875
38367.28,46530.418,8163.137968750001
17628.96,15341.939,2287.020546874999
35244.47,32501.0,2743.470000000001
102802.33,86596.19,16206.142500000002
34934.89,37415.203,2480.3131250000006
115310.33,126252.49,10942.162187499998
38052.33,32573.393,5478.937421875002
298314.65,285677.5,12637.150000000023
68430.96,65839.234,2591.7256250000064
39122.95,35603.46,3519.489062499997
10228.82,7630.1084,2598.7116015624997
2310.46,1124.7513,1185.7086572265625
38155.62,38181.06,25.43859374999738
78282.95,90294.14,12011.190625000003
57380.13,46211.242,11168.887812499997
36541.94,37340.883,798.9428124999977
232.87,138.30765,94.56235229492188
2527.47,1050.2449,1477.2251269531248
6420.48,11280.466,4859.9858203125
21310.45,12188.285,9122.16484375
95562.19,104065.336,8503.145937499998
67559.19,50765.203,16793.986875000002
198121.31,178936.81,19184.497499999998
313546.4,289243.03,24303.368750000023
75663.41,83505.38,7841.9728124999965
42669.45,36123.902,6545.547656249997
68305.78,58959.043,9346.737031249999
40200.0,41954.07,1754.0703125
72225.0,68684.266,3540.734375
298852.0,305101.0,6249.0
81948.0,95994.29,14046.2890625
15254.0,15918.26,664.259765625
5430.41,-2931.34,8361.750087890625
174531.52,142148.9,32382.61374999999
91836.92,70943.9,20893.0215625
2435.45,6191.3193,3755.8693359375
5157.95,72.77111,5085.178889465332
2440.92,10339.499,7898.5790234375
28312.69,36120.266,7807.575625000001
70958.62,67701.336,3257.2840624999953
37457.89,43499.414,6041.524062500001
2378.24,3594.9146,1216.6745507812502
53313.52,55491.55,2178.030781250003
62990.6,59189.902,3800.6976562499985
10844.51,13350.293,2505.78296875
150400.84,136502.38,13898.464999999997
2203.58,3770.334,1566.753984375
30288.69,37330.555,7041.864687500001
200097.22,190593.47,9503.751250000001
323839.47,288910.56,34928.90749999997
42784.33,44839.945,2055.6153124999983
108241.39,101200.875,7040.514999999999
54313.59,57650.793,3337.2029687500035
133428.17,120421.625,13006.545000000013
27701.99,24646.316,3055.6735937500016
84438.5,59970.3,24468.19921875
9203.42,8028.367,1175.0528125
65264.23,54756.17,10508.058125000003
35701.39,51627.29,15925.8990625
114.8,7413.251,7298.4509765625
24754.0,35640.637,10886.63671875
81123.0,84861.23,3738.2265625
165764.0,174192.62,8428.625
83.0,21852.604,21769.603515625
420047.03,354498.62,65548.40500000003
348869.03,371124.75,22255.719999999972
3496.82,1461.5397,2035.2803271484377
9751.86,8094.6064,1657.2535546875006
4747.24,-1780.619,6527.859018554687
434087.91,450715.2,16627.277500000026
379567.82,377387.62,2180.195000000007
327151.31,323980.34,3170.9662499999977
66960.58,56185.32,10775.259687500002
290083.09,294686.75,4603.659999999974
2708.06,-1975.4637,4683.523745117187
61045.0,56693.453,4351.546875
41.113,6030.8184,5989.705359375
57.159,9516.205,9459.046078125
7.525,-905.1081,912.6330932617187
16.27,-830.57874,846.8487353515625
6.246,-3176.7861,3183.0321328125
23.38,1073.181,1049.8010302734374
5.81,-2459.568,2465.378115234375
4.818,-754.8446,759.6626044921875
59.331,9751.367,9692.0361875
167.25,272.7232,105.47320556640625
525859.03,542143.56,16284.532499999972
316212.98,288365.28,27847.69874999998
552564.77,524704.56,27860.20750000002
31610.43,16803.168,14807.26203125
942932.04,880981.9,61950.16500000004
1090.79,4422.146,3331.35599609375
3045.2,2284.7,760.5000488281248
282791.46,288708.12,5916.664999999979
277317.9,258478.78,18839.118750000023
307178.0,304547.7,2630.3125
1363311.87,1385662.0,22350.12999999989
970759.74,940613.4,30146.36499999999
1087873.9,1042331.25,45542.64999999991
504103.31,581703.0,77599.69
152.26,2011.494,1859.2340185546875
28371.86,15779.228,12592.6324609375
443319.91,438032.0,5287.909999999974
445909.19,458125.56,12216.372499999998
1482255.86,1312011.8,170244.1100000001
1226880.08,1161950.1,64929.955000000075
173.99,1629.0621,1455.0721337890625
54233.66,56948.59,2714.9298437499965
283266.58,290204.1,6937.513749999984
391379.69,373741.44,17638.252500000002
299124.49,287998.53,11125.95874999999
123.61,4077.4087,3953.79869140625
16187.08,17724.383,1537.3028125
30.51,2522.904,2492.394052734375
31891.85,18781.506,13110.344140624999
630847.78,605126.94,25720.842500000028
353415.07,346326.47,7088.601250000007
180397.1,180867.88,470.7749999999942
416476.98,488267.2,71790.20750000002
150.39,5129.74,4979.350234375
28913.8,17463.82,11449.9796875
1094781.0,1046280.1,48500.875
500189.0,565835.7,65646.6875
676.0,9003.246,8327.24609375
50779.0,51870.074,1091.07421875
75977.15,85053.195,9076.045312500006
405213.97,361973.6,43240.37624999997
339191.04,289351.56,49839.47749999998
228865.76,206304.1,22561.66625000001
184027.59,184378.02,350.4256250000035
413741.64,376583.1,37158.546250000014
8856.04,3502.9822,5353.057822265626
210268.5,213513.84,3245.34375
267832.68,269224.4,1391.726250000007
208566.2,192464.55,16101.653125000012
666141.3,647086.2,19055.112500000047
416313.45,331580.03,84733.41875000001
793906.97,644927.94,148979.03249999997
162633.11,146904.7,15728.406874999986
371398.19,372721.06,1322.8724999999977
310778.15,236895.05,73883.10312500002
258152.42,248325.92,9826.498125000013
127344.23,155246.25,27902.020000000004
592999.98,553517.6,39482.35499999998
175730.59,178817.89,3087.3006250000035
180668.1,188307.44,7639.337499999994
187139.81,221147.28,34007.47125
942.03,6481.1787,5539.1487109375
7766.16,10577.372,2811.2120703125
739139.63,693497.6,45642.005000000005
289997.96,273815.2,16182.772500000021
258862.96,268930.6,10067.633750000008
549004.67,533526.7,15477.982500000042
185217.59,190388.98,5171.3943750000035
185622.0,222797.88,37175.875
409805.38,402154.16,7651.223750000005
279100.57,268498.7,10601.882500000007
66996.75,66618.36,378.390625
338083.63,358810.53,20726.901249999995
308529.08,268742.16,39786.923750000016
179211.77,175306.69,3905.0824999999895
615685.96,570833.94,44852.02249999996
130915.33,137161.06,6245.732499999998
772488.96,661459.44,111029.52249999996
404317.61,412801.25,8483.640000000014
266578.42,246026.19,20552.232499999984
187316.85,190568.44,3251.587499999994
46499.41,43423.414,3075.9959375000035
169539.43,195512.42,25972.991875000007
651135.71,644054.5,7081.209999999963
103082.48,97143.85,5938.628437499996
59488.44,65552.56,6064.122499999998
319661.43,227685.28,91976.14875
259568.75,245415.6,14153.15625
137256.42,136509.31,747.1075000000128
154736.31,133498.28,21238.028749999998
419117.47,417845.56,1271.907499999972
14209.65,18801.623,4591.973046875
3542.69,3633.2883,90.59833007812495
61519.0,66565.19,5046.1875
604967.0,646453.06,41486.0625
309316.0,322052.0,12736.0
248.0,8293.606,8045.6064453125
14996.0,10305.825,4690.1748046875
89684.44,102078.89,12394.450624999998
120574.63,124152.88,3578.2528124999953
224178.63,201931.53,22247.098750000005
395385.12,352904.8,42480.307499999995
404953.1,363481.12,41471.97499999998
746762.6,731010.4,15752.224999999977
752513.4,761668.1,9154.724999999977
114179.46,113715.164,464.2959375000064
4871.29,5454.7754,583.485390625
5869.53,6280.446,410.91580078125025
322205.5,312578.84,9626.65625
222837.82,214479.62,8358.195000000007
281072.26,255685.77,25386.49437500001
283894.22,290234.38,6340.155000000028
445253.86,431173.7,14080.172499999986
269463.05,299083.66,29620.60625000001
839724.43,771586.56,68137.86750000005
367717.66,355337.72,12379.941249999974
201620.0,199919.39,1700.609375
159928.19,156478.31,3449.8775000000023
273358.61,269591.47,3767.141249999986
295075.52,307946.12,12870.604999999981
615697.87,672868.1,57170.255000000005
513490.07,484547.97,28942.101250000007
258951.46,282534.22,23582.758750000008
190180.14,209548.0,19367.859999999986
264950.78,260063.03,4887.748750000028
379666.19,340063.7,39602.5025
195323.29,214497.3,19174.006874999992
221979.41,192795.88,29183.535000000003
5793.3,7302.802,1509.5017578124998
8304.59,9381.371,1076.7810937499999
271606.78,280504.6,8897.813749999972
300829.01,315713.06,14884.05249999999
238677.65,265868.78,27191.131250000006
141628.0,135293.8,6334.203125
903882.29,842127.56,61754.72750000004
107648.71,95195.48,12453.233437500006
5212.13,6094.798,882.6678515624999
10771.15,8606.211,2164.9390624999996
11453.92,13919.223,2465.30265625
8117.31,15617.691,7500.38140625
392994.08,368338.97,24655.111250000016
183533.76,177887.62,5646.135000000009
302890.75,310357.3,7466.5625
501741.12,473839.84,27901.276249999995
217810.48,215112.23,2698.2456250000105
8068.88,25763.209,17694.328984375
4862.81,8244.173,3381.3628515624996
379244.91,364259.66,14985.253749999974
171154.02,164058.89,7095.1293749999895
174072.2,164058.89,10013.309375000012
623264.88,661198.94,37934.057499999995
285714.44,242996.19,42718.2525
342291.32,311866.25,30425.070000000007
765703.53,737752.0,27951.530000000028
710527.18,708479.8,2047.3675000000512
10496.65,10610.443,113.79335937500036
3449.63,1171.4403,2278.1896923828126
441642.0,421922.34,19719.65625
772571.0,803261.1,30690.125
879994.0,814170.6,65823.375
131369.0,115829.29,15539.7109375
6068.0,7409.243,1341.2431640625
8243.0,6695.124,1547.8759765625
3025.0,6231.1406,3206.140625
106176.5,96941.5,9235.0
74603.57,95199.16,20595.586249999993
51581.62,73412.22,21830.598749999997
103724.75,123076.414,19351.6640625
10648.42,10834.333,185.91300781249993
36251.8,43271.004,7019.203906249997
102856.61,104526.57,1669.9603124999994
68060.52,83183.266,15122.745624999996
85131.76,102263.16,17131.396250000005
108845.74,111560.414,2714.6740624999948
24567.79,39432.875,14865.085
116454.98,148751.77,32296.785625000004
31685.2,39892.55,8207.35078125
99134.79,87550.555,11584.235312499994
27399.63,29880.168,2480.537968749999
44514.16,68448.305,23934.144687499997
105450.58,97776.19,7674.392500000002
524.98,-1393.9938,1918.9737744140625
64116.98,90207.22,26090.238749999997
457.53,-816.7612,1274.29123046875
100241.01,99455.91,785.1037499999948
88138.69,97978.875,9840.184999999998
27516.36,33482.266,5965.905624999999
38143.8,40027.914,1884.114062499997
56228.08,77206.63,20978.5528125
410.13,-2655.418,3065.54796875
30346.07,32972.773,2626.7034375000003
42370.0,54044.402,11674.40234375
32646.0,37720.266,5074.265625
100464.57,93276.58,7187.991875000007
284558.93,446302.56,161743.6325
19773.56,15701.713,4071.8471093750013
122859.81,109049.35,13810.458437499998
79662.36,92276.68,12614.3196875
169163.19,173981.83,4818.638124999998
115061.9,117890.74,2828.842187500006
97036.85,92907.16,4129.693750000006
52086.96,51654.797,432.1631249999991
17609.79,16691.092,918.6982031250009
109758.31,115836.27,6077.963437500002
107771.39,115734.44,7963.047500000001
80975.24,65877.44,15097.802500000005
3177.68,-380.30106,3557.981055908203
22470.0,23226.738,756.73828125
103960.0,116335.17,12375.171875
305183.68,266306.4,38877.27374999999
5270.02,4428.7935,841.2265429687504
10003.59,9921.157,82.43277343750015
37574.66,62293.02,24718.359531249997
59061.22,77170.42,18109.201875
90.11,-3130.4343,3220.544326171875
58166.38,79119.05,20952.666875000003
13760.31,16141.466,2381.1558203125005
6761.02,6195.469,565.5507617187504
7574.66,6726.002,848.6580468749999
46.35,-1340.4386,1386.7885986328124
330.44,-4048.6877,4379.127744140625
8021.16,7728.9346,292.22542968749985
36292.31,66498.54,30206.229062500002
83087.65,92518.55,9430.896875000006
639.56,2189.8625,1550.302548828125
53.49,-7289.972,7343.46216796875
29745.75,24619.246,5126.50390625
337.0,38.46078,298.5392189025879
1120.42,-2764.971,3885.390947265625
13933.69,11607.511,2326.1792578125005
962.88,-2800.9136,3763.79357421875
15926.08,22600.203,6674.123125
16739.31,16190.26,549.0502343750013
1199.22,-782.0793,1981.2992846679688
23352.73,22389.738,962.9917187499996
47018.03,55707.414,8689.384062500001
326.86,-2598.4978,2925.357802734375
13119.61,13923.302,803.6917578124994
21135.98,21331.197,195.21726562500044
45160.69,52455.812,7295.122499999998
5492.34,2022.8651,3469.4748876953126
255.43,4343.9297,4088.4996875
1319.37,-2323.2432,3642.6131640625
680.75,-2784.2593,3465.00927734375
153.81,-4791.62,4945.4301171875
5184.28,967.8562,4216.423798828125
13938.46,9139.163,4799.296914062499
67651.0,58902.383,8748.6171875
110870.0,95184.66,15685.34375
11469.0,6025.8096,5443.1904296875
51.38,1371.1067,1319.726689453125
11626.22,42321.188,30694.9675
566.97,-367.20007,934.1700732421875
5673.66,2632.1042,3041.555751953125
18704.0,27390.414,8686.4140625
554.53,-2874.1604,3428.6904003906247
807.06,1826.9485,1019.888486328125
701.46,195.8812,505.57880493164066
182.64,1840.3586,1657.7186425781251
118.12,181.0076,62.88759887695312
103.48,-1603.404,1706.884052734375
54.44,-3436.8323,3491.272275390625
60.96,-1742.874,1803.8340234375
16.89,-7546.1855,7563.075546875
60.0,5864.9443,5804.9443359375
110.0,3216.1802,3106.18017578125
441855.33,476980.53,35125.201249999984
134478.34,124982.69,9495.652499999997
141246.17,124982.69,16263.482500000013
59419.44,85177.44,25757.997499999998
111281.36,99794.87,11486.4928125
112699.15,112263.19,435.9624999999942
78824.55,90039.734,11215.184374999997
113206.52,120681.05,7474.526874999996
130867.36,124641.06,6226.297500000001
325509.23,361345.75,35836.52000000002
60273.6,51862.516,8411.084374999999
2506.64,19194.451,16687.811171875
60665.89,63068.9,2403.0084375000006
123414.48,125424.86,2010.379375000004
330325.73,253064.48,77261.24562499998
113402.71,114533.36,1130.6493749999936
336767.8,321745.6,15022.206249999988
33802.34,42080.805,8278.464687500003
2561.57,5422.727,2861.15705078125
566601.47,548182.0,18419.469999999972
63452.76,60762.16,2690.599843750002
268323.74,329054.3,60730.57250000001
70922.62,70623.35,299.26843749999534
319193.91,373871.25,54677.340000000026
482716.29,541916.25,59199.96000000002
614016.7,623232.75,9216.050000000047
119142.0,121778.48,2636.4765625
72007.0,55034.188,16972.8125
3365.0,8438.734,5073.734375
30328.0,20954.318,9373.681640625
0.22,4477.1133,4476.89328125
0.53,162.5391,162.00909301757812
907.28,3326.0652,2418.7851855468753
139.94,1054.0405,914.10052734375
72.84,1616.3575,1543.5175439453126
51.27,1654.5427,1603.272724609375
665.28,2014.633,1349.353056640625
393.42,65.934875,327.48512451171877
171.13,-755.1777,926.3076733398437
150.0,9622.455,9472.455078125
116147.72,115612.89,534.8293750000012
100787.38,107110.41,6323.026249999995
116409.68,124066.63,7656.952812500007
277059.24,323535.06,46475.82250000001
181943.26,196760.53,14817.27124999999
27170.41,22765.168,4405.24203125
318321.85,386379.28,68057.43125000002
180923.05,183217.69,2294.6375000000116
30281.81,28705.193,1576.6166406250013
32085.7,30307.92,1777.7800781250007
137357.94,137194.98,162.95562500000233
32950.1,30438.629,2511.4710937499985
206122.0,205689.77,432.234375
17205.0,22725.592,5520.591796875
751.6,5132.86,4381.25986328125
212.89,566.23035,353.3403466796875
119.6,-1506.9615,1626.5615478515624
25.46,-3779.495,3804.9551171875
2.0,-2004.3607,2006.3607177734375
62932.87,61539.227,1393.6434375000026
56920.58,62997.027,6076.447343749998
247410.62,265742.7,18332.067500000005
53088.49,53841.234,752.744375000002
150859.45,168832.12,17972.67499999999
116723.65,133006.23,16282.584375000006
94516.76,112489.85,17973.091562500005
195176.31,228144.45,32968.143125
53622.45,58184.14,4561.690625000003
4343.42,3924.6648,418.7552050781251
237862.96,253060.72,15197.758750000008
103684.87,123795.875,20111.005000000005
808284.23,779566.44,28717.79249999998
4225.57,4065.859,159.7111132812497
103063.58,120094.47,17030.88875
112692.14,128801.34,16109.20375
454111.97,426524.3,27587.657499999972
70579.51,81807.29,11227.779062500005
16067.64,18622.951,2555.3111718750006
217869.03,221444.78,3575.751250000001
111980.09,129585.44,17605.347500000003
447855.62,427367.53,20488.088749999995
563546.72,523921.47,39625.25124999997
58216.93,63593.03,5376.10125
81241.01,83516.266,2275.2556250000052
4983.52,-274.5015,5258.021495361329
52984.0,50358.746,2625.25390625
893811.0,858462.25,35348.75
569733.0,520467.4,49265.59375
290717.0,296735.9,6018.90625
457.55,2348.2532,1890.703173828125
888.75,4258.0015,3369.25146484375
685.27,-507.53055,1192.800548095703
25.29,6598.1357,6572.8457421875
407.38,-365.36237,772.7423657226562
4.76,1754.8777,1750.117685546875
389.84,556.98303,167.14303222656253
233.62,1938.2356,1704.615595703125
0.78,-708.4695,709.249482421875
87.15,707.96356,620.8135620117188
27.0,-879.2003,906.2003173828125
75360.65,71669.73,3690.923437499994
32129.07,33528.66,1399.5901562500003
60044.69,74871.016,14826.325624999998
20836.01,19455.604,1380.4064843749984
6483.89,5811.4604,672.4295507812503
71846.34,82088.86,10242.519375000003
55920.35,75148.49,19228.1421875
6495.6,8408.42,1912.8199218749996
12682.17,3213.12,9469.0498828125
70278.25,72416.23,2137.9765625
123933.68,94673.17,29260.508124999993
60730.88,59224.54,1506.3409374999974
15586.11,13237.156,2348.9537500000006
12924.13,7742.186,5181.943964843749
14304.74,14871.418,566.6779687500002
465965.86,443620.38,22345.484999999986
45149.22,55156.285,10007.065156249999
143.12,3369.0354,3225.915400390625
6381.94,7659.694,1277.7538476562504
18708.5,14677.803,4030.697265625
12690.78,24475.025,11784.245390625
102076.84,89915.44,12161.402499999997
44283.22,39687.37,4595.848906250001
10438.12,21071.418,10633.29796875
8362.71,566.19507,7796.514931640624
174474.0,144743.92,29730.078125
1177649.0,1078022.6,99626.375
121519.0,109484.46,12034.5390625
119456.09,129155.03,9698.941250000003
131918.2,109244.42,22673.77812500001
58571.71,63406.625,4834.915000000001
308529.23,298325.9,10203.323749999981
140285.48,138787.05,1498.4331250000105
52037.91,45550.47,6487.4412500000035
27288.88,29336.146,2047.266484374999
5119.74,5782.802,663.0617578125002
13057.94,6510.632,6547.3081640625005
98109.39,86956.61,11152.780625
52079.39,59435.81,7356.418593750001
75623.32,53940.285,21683.034843750007
27995.15,29266.402,1271.2523437499985
5385.93,6145.3647,759.4347460937497
47782.62,55300.203,7517.583124999997
11313.58,11725.866,412.2862109375001
74365.92,92505.016,18139.095625
61350.21,51595.133,9755.0771875
57841.43,45363.45,12477.98078125
73938.86,62259.664,11679.1959375
12655.0,12151.251,503.7490234375
2675.77,11383.917,8708.1469921875
5026.28,5736.7285,710.4485156250003
13352.43,10201.562,3150.8684765625003
87958.52,83538.94,4419.582500000004
59546.4,48098.965,11447.435156250001
57492.48,64885.832,7393.352031249997
29263.5,24403.6,4859.900390625
496.21,-3486.0972,3982.30716796875
38367.28,46530.418,8163.137968750001
17628.96,15341.939,2287.020546874999
35244.47,32501.0,2743.470000000001
102802.33,86596.19,16206.142500000002
34934.89,37415.203,2480.3131250000006
115310.33,126252.49,10942.162187499998
38052.33,32573.393,5478.937421875002
298314.65,285677.5,12637.150000000023
68430.96,65839.234,2591.7256250000064
39122.95,35603.46,3519.489062499997
10228.82,7630.1084,2598.7116015624997
2310.46,1124.7513,1185.7086572265625
38155.62,38181.06,25.43859374999738
78282.95,90294.14,12011.190625000003
57380.13,46211.242,11168.887812499997
36541.94,37340.883,798.9428124999977
232.87,138.30765,94.56235229492188
2527.47,1050.2449,1477.2251269531248
6420.48,11280.466,4859.9858203125
21310.45,12188.285,9122.16484375
95562.19,104065.336,8503.145937499998
67559.19,50765.203,16793.986875000002
198121.31,178936.81,19184.497499999998
313546.4,289243.03,24303.368750000023
75663.41,83505.38,7841.9728124999965
42669.45,36123.902,6545.547656249997
68305.78,58959.043,9346.737031249999
40200.0,41954.07,1754.0703125
72225.0,68684.266,3540.734375
298852.0,305101.0,6249.0
81948.0,95994.29,14046.2890625
15254.0,15918.26,664.259765625
