model,train_mae,train_rmse,train_r2,val_mae,val_rmse,val_r2
XGBoost (Tuned),"[8303.718058125723, 8031.460400496252, 8376.660783220037, 7956.198526819966, 8270.277553908585]","[12706.79588774403, 12261.033355005635, 12959.102521790026, 12122.459471154269, 12701.462368523342]","[0.9965968806079055, 0.9967723079318179, 0.9964496764610987, 0.9966881614542299, 0.9966573247300508]","[12698.752135449948, 14269.245890986389, 13920.457023143243, 14476.381812732952, 13159.628703517197]","[22972.682627046437, 26983.23843027837, 22506.25229605543, 28904.54245643166, 27070.523769540327]","[0.9880381356973564, 0.9847226807153919, 0.9886813220801081, 0.9851938117990499, 0.9820806113410123]"
