model,train_mae,train_rmse,train_r2,val_mae,val_rmse,val_r2,test_mae,test_rmse,test_r2
Linear Regression,4.723092249666619,6.05251039809049,0.6820378530866171,4.52278275931504,5.909180612841053,0.6701733118430602,4.868357306176876,6.291183792497593,0.6449122318231834
