model,train_mae,train_rmse,train_r2,val_mae,val_rmse,val_r2,test_mae,test_rmse,test_r2
Linear Regression,2.1307106890990775,2.812510999301602,0.8290455913489749,3.7148797130191444,4.795732597975001,0.4651048921615766,5.21681976683278,6.332995809677129,0.25157266985909854
