model,train_mae,train_rmse,train_r2,val_mae,val_rmse,val_r2,test_mae,test_rmse,test_r2
Random Forest,1.3300947223566506,1.6934225802145153,0.9380241433164541,3.472733029257451,4.411177119471426,0.5474488228194418,3.8270403719747303,4.8193186465983,0.5665864136192515
