model,train_mae,train_rmse,train_r2,val_mae,val_rmse,val_r2,test_mae,test_rmse,test_r2
Ridge Regression,4.652925768112572,5.977622535755175,0.6898574828776824,4.375688066227486,5.733466651422015,0.6894969668463407,4.869832164572821,6.263217746767721,0.648062141094861
