model,train_mae,train_rmse,train_r2,val_mae,val_rmse,val_r2,test_mae,test_rmse,test_r2
Ridge Regression,4.640969801651962,5.964054549665621,0.6912638057663274,4.4165356547375145,5.773457462425134,0.6851503563343706,4.860127921191173,6.253609824608082,0.649141074679236
