model,train_mae,train_rmse,train_r2,val_mae,val_rmse,val_r2,test_mae,test_rmse,test_r2
XGBoost,0.3918396830558777,0.6101804691836841,0.9967683553695679,3.8956587314605713,5.060942422005267,0.7580676078796387,4.211982250213623,5.523564748633679,0.7262779474258423
