model,train_mae,train_rmse,train_r2,val_mae,val_rmse,val_r2,test_mae,test_rmse,test_r2
XGBoost,0.20478330296578162,0.27413248107152666,0.9983758997269289,3.5429558481488916,4.515921348115034,0.525701833822239,3.781425441020244,4.841797957639454,0.5625337406733273
