Nilai Aktual,Nilai Prediksi,Selisih
70313.4,63616.958733333464,6696.44126666653
187596.67,166902.79023333354,20693.879766666476
248059.62,218063.69936666652,29995.920633333473
1813.43,1491.2452666666647,322.1847333333353
16430.86,19197.199633333323,2766.339633333322
147215.29,147220.53159999987,5.241599999862956
16649.77,19345.832033333358,2696.0620333333572
179856.23,171209.08056666682,8647.149433333194
36309.25,35408.94396666672,900.3060333332833
3350.51,2615.584556666667,734.9254433333331
65559.88,64570.38987196975,989.4901280302511
138347.01,127750.12549888904,10596.884501110966
201408.49,169415.09553333322,31993.394466666767
360353.4,339432.20433333336,20921.195666666667
13757.16,14544.622999999994,787.4629999999943
188438.42,152454.28519999978,35984.13480000023
28634.5,26982.83956666669,1651.660433333309
244.58,259.8151999999998,15.235199999999764
2589.4,2635.130466666665,45.73046666666505
41075.25,39791.54434095243,1283.7056590475695
40220.59,43410.07171428571,3189.4817142857137
73335.46,71236.96950000002,2098.4904999999853
160178.81,136267.79779999988,23911.012200000114
102934.34,80537.5263333335,22396.813666666494
65112.0,63943.61089333335,1168.3891066666474
122708.0,102334.05533333344,20373.94466666656
23102.0,25121.15946666669,2019.1594666666897
28397.0,31637.013366666655,3240.013366666655
1457.0,1150.1672000000003,306.8327999999997
13.0,11.145596666666718,1.8544033333332823
8020.0,8696.99466666666,676.9946666666601
405487.31,457595.09393333417,52107.78393333417
318582.88,384353.394266666,65770.51426666597
345163.17,374957.3100333327,29794.14003333269
402870.63,408993.05139999924,6122.421399999235
391973.23,426832.64629999903,34859.41629999905
73013.87,60113.343099999925,12900.52690000007
430413.56,433662.17329999956,3248.6132999995607
446654.32,463546.02143333363,16891.701433333626
3424.91,3344.62563333333,80.28436666666994
9101.37,9264.238333333342,162.86833333334107
3262.85,2686.0802000000035,576.7697999999964
422943.0,471272.71523333323,48329.715233333234
419792.0,418053.58023333276,1738.4197666672408
8413.0,8263.75213333334,149.24786666665932
20.785,25.76744599999995,4.98244599999995
52.245,58.261880666666634,6.016880666666637
28.018,27.425301287878764,0.592698712121237
25.992,28.94310562121206,2.951105621212058
58.244,41.89848656565652,16.34551343434348
19.856,18.950193333333306,0.9058066666666953
4.957,5240.840486190476,5235.883486190476
23.367,26.47828145454544,3.1112814545454377
43.758,46.35276444444443,2.5947644444444293
41.898,37.54382333333336,4.354176666666646
43.588,47.84678999999996,4.258789999999962
14.986,13.224953333333293,1.761046666666708
43.234,45.43929066666667,2.20529066666667
45.413,35.184144444444364,10.228855555555633
28.617,28.427078333333284,0.1899216666667165
28.343,30.040468444444336,1.6974684444443362
249.01,191.9798274410772,57.0301725589228
511.97,389.51675714285653,122.4532428571435
187.41,147.51446111111133,39.895538888888666
181.21,167.5401092592591,13.669890740740897
184.35,147.61913333333342,36.73086666666657
314869.16,316935.913766667,2066.7537666670396
393.82,379.42473333333214,14.395266666667851
46943.05,44017.69763333339,2925.352366666615
449395.01,417333.94066666724,32061.069333332765
302668.85,301780.9202333332,887.9297666667844
1376429.68,950914.3269999992,425515.3530000007
622992.32,647119.7339000012,24127.413900001207
497080.1,452213.2754999994,44866.82450000057
154982.57,146816.15256666657,8166.417433333438
2723.05,2537.9733466666703,185.0766533333299
189.23,153.73068555555562,35.499314444444366
36349.8,39342.3423,2992.5422999999937
492926.27,496483.649166665,3557.379166664963
275893.22,273042.29097500053,2850.9290249994374
534250.18,567857.0272999986,33606.84729999851
140000.72,133927.96099999972,6072.759000000282
15123.41,13256.782266666663,1866.6277333333364
7097.77,5748.851756666668,1348.9182433333326
2304.54,2333.1963133333375,28.656313333337494
244.35,229.20318333333344,15.146816666666552
49118.08,42634.1512666667,6483.928733333305
35624.74,28814.67903333333,6810.060966666668
617941.03,658482.5763333339,40541.54633333383
441316.2,437943.23933333217,3372.9606666678446
566087.34,588490.6735333327,22403.333533332683
153648.29,153835.81303333296,187.52303333295276
7186.11,5825.951546666664,1360.1584533333353
1868.44,2444.5399666666717,576.0999666666717
72.13,57.334214444444406,14.79578555555559
650123.11,653103.9018666666,2980.7918666666374
558430.27,570211.2563333334,11780.986333333421
287112.51,287674.35600000026,561.8460000002524
1424303.1,1272857.8228333336,151445.27716666646
186533.23,166441.9265333334,20091.303466666606
143212.52,151551.0345999997,8338.514599999704
139300.3,138267.86999999962,1032.4300000003714
31891.85,29088.84923333333,2803.000766666668
466835.93,434141.9474666664,32693.98253333359
271869.0,280712.5926182406,8843.592618240626
1399352.12,953995.2901333324,445356.82986666774
968941.45,944990.6938333348,23950.756166665116
638.23,469.22906666666694,169.00093333333308
435.34,413.29249999999945,22.047500000000525
35403.54,31026.780566666646,4376.7594333333545
800735.0,862880.2808333354,62145.28083333536
353307.0,291388.05033333367,61918.94966666633
524895.0,550585.1000999992,25690.100099999225
249686.0,274141.2881308335,24455.288130833476
15835.0,13353.680933333339,2481.3190666666615
323966.16,297652.21063333296,26313.949366667017
464558.72,461878.0381666669,2680.681833333045
281818.52,272542.9893333333,9275.530666666746
797420.54,707319.040999999,90101.499000001
608309.99,559808.9458333335,48501.044166666456
219295.62,222508.40326666652,3212.78326666652
889.38,797.9556333333323,91.42436666666765
269955.32,287795.9664333336,17840.646433333575
766012.3,696416.3216666683,69595.97833333176
772521.47,746955.302000001,25566.167999999016
592099.74,559056.5107999997,33043.22920000029
87380.59,67184.69026666648,20195.899733333514
205770.43,194614.62123333357,11155.808766666421
205771.32,235242.11669999996,29470.796699999948
968.93,748.7767999999992,220.15320000000077
288.24,208.01133333333283,80.22866666666718
22386.61,16364.490888888886,6022.119111111115
806139.4,690037.8962666666,116101.50373333343
659065.26,651643.921333333,7421.338666666998
148509.48,163645.7611999999,15136.281199999881
483850.01,396420.9833666666,87429.02663333341
3863.56,3559.805766666669,303.75423333333083
392998.11,402072.5728666657,9074.462866665737
328274.86,283849.11487990763,44425.74512009235
271489.92,283520.6879555561,12030.767955556104
656822.84,635306.0005999999,21516.839400000055
131042.54,111769.32835555571,19273.21164444428
761355.92,745632.7559333333,15723.164066666737
169112.19,163427.01423333352,5685.175766666478
268582.78,259298.06006666715,9284.719933332875
390777.57,398020.8472722215,7243.277272221516
3215.28,3355.5697466666684,140.28974666666818
280224.38,291492.7738567464,11268.393856746377
277037.84,321089.50377666595,44051.663776665926
564962.11,502518.90619999997,62443.20380000002
3501.04,3455.6629333333335,45.37706666666645
7766.8,7675.637100000012,91.16289999998844
238181.19,276425.5814000003,38244.39140000031
138435.98,128713.5162333333,9722.463766666711
374547.12,390788.1716703706,16241.051670370623
304870.91,297400.4777881745,7470.4322118254495
202255.93,195353.15814333316,6902.771856666834
175081.41,160763.18799999985,14318.222000000154
139924.97,128697.85342666671,11227.11657333329
421329.41,381561.8216703697,39767.58832963026
98177.0,91847.9633333335,6329.036666666507
412353.0,419484.9016999987,7131.901699998707
329137.0,333170.51823333366,4033.518233333656
359542.0,391796.63569999964,32254.635699999635
259006.0,269176.3668666672,10170.366866667173
214441.0,200834.97973333357,13606.020266666426
159547.0,144085.6955999999,15461.30440000011
170759.0,157077.72953333313,13681.270466666872
219834.83,213618.77143333395,6216.058566666034
288019.9,272672.8674248808,15347.032575119229
688809.35,659053.6090333336,29755.740966666373
176575.62,210594.70596666678,34019.08596666678
189040.08,200599.2631000005,11559.183100000519
258284.99,253546.8138333333,4738.176166666701
10205.56,8803.252933333342,1402.3070666666572
11846.57,9862.2315,1984.3384999999998
112213.57,100446.48123333337,11767.088766666639
616858.41,643340.2286000008,26481.818600000814
399845.68,370324.30346666696,29521.376533333038
419292.44,383607.3770333331,35685.06296666688
260671.35,251601.5875333335,9069.762466666492
13909.7,11464.991433333313,2444.708566666688
7165.2,7360.2359333333325,195.03593333333265
9596.78,8604.298833333341,992.4811666666592
214398.13,205426.84846666618,8971.281533333822
209109.93,190598.41406666668,18511.515933333314
837773.15,756147.0188000014,81626.13119999866
507053.88,511765.7172999996,4711.837299999606
7543.19,8108.642444444443,565.4524444444432
15166.53,12857.429399999995,2309.100600000005
297042.32,303087.54260000034,6045.222600000328
429311.01,412091.7959837029,17219.214016297134
461798.12,416366.530179999,45431.58982000098
195600.69,192618.2695766668,2982.420423333213
11311.4,11061.308266666649,250.09173333335093
359413.77,340336.7274333335,19077.042566666496
247255.72,255964.83305555538,8709.113055555383
194540.45,167531.14535000004,27009.304649999976
281829.41,300905.4882190475,19076.078219047515
755938.95,733335.2914666665,22603.65853333345
198122.71,200172.0400333329,2049.3300333328953
10197.5,11409.267166666657,1211.7671666666574
279365.91,254706.75920000038,24659.150799999596
454768.46,415940.6497388885,38827.81026111153
247778.74,290229.88821666694,42451.148216666945
157273.25,141558.8475666667,15714.402433333307
260061.94,275846.40769999963,15784.46769999963
437593.08,419530.22126666614,18062.85873333388
417428.58,392008.5549666663,25420.025033333688
5636.68,4920.209117777783,716.4708822222174
10318.57,9641.429444444435,677.1405555555648
12169.62,12177.406333333302,7.786333333300718
214820.77,193427.62846666662,21393.14153333337
257120.65,282207.60763333354,25086.957633333543
208986.7,181103.06400000016,27883.635999999853
404975.09,398638.967966666,6336.122033334046
272246.05,261703.03666666712,10543.01333333287
3722.17,3349.235566666662,372.9344333333379
8494.14,7862.5568666666795,631.5831333333199
8665.29,8883.096899999995,217.80689999999413
132516.0,141582.994395238,9066.994395237998
436300.0,410939.67956666654,25360.320433333458
240566.0,214263.9362333333,26302.063766666688
246370.0,212317.00770000005,34052.992299999954
199165.0,190739.43920999995,8425.560790000047
223789.0,264030.5491666664,40241.5491666664
189903.0,209070.50833333324,19167.508333333244
11889.0,12521.654733333336,632.6547333333365
925.7,823.425033333334,102.27496666666605
168631.79,318122.79639999993,149491.00639999993
34451.49,39088.37526666669,4636.8852666666935
42374.83,66399.33643333345,24024.506433333445
49227.48,55187.89089999999,5960.410899999988
13791.26,12745.431499999977,1045.8285000000233
15119.42,18448.970533333333,3329.550533333333
46650.03,51443.71810000015,4793.688100000152
14229.38,13356.106499999982,873.2735000000175
93452.27,116851.76726666665,23399.497266666644
48851.99,65311.648966666595,16459.658966666597
12551.03,12517.056459999998,33.973540000002686
97032.69,102385.68346666695,5352.993466666943
14866.34,16963.002933333304,2096.662933333304
12929.24,12913.61291,15.627089999999953
11955.0,17018.483099999954,5063.483099999954
9917.0,15303.872233333317,5386.872233333317
137370.36,119878.02336666653,17492.336633333456
20172.26,25007.073933333377,4834.813933333378
161647.51,208763.96446666637,47116.45446666636
124999.04,150658.0442733334,25659.004273333398
96295.76,88006.31550000026,8289.444499999736
55192.69,56489.35149444446,1296.661494444459
237193.34,295491.65479999944,58298.31479999944
113217.0,92751.59346666666,20465.406533333342
22079.5,24317.98186666669,2238.4818666666906
73786.78,74901.77836666681,1114.9983666668122
16553.34,13045.577500000014,3507.762499999986
3337.34,3749.213066666664,411.8730666666638
101228.04,92397.21966666663,8830.820333333366
25622.89,21252.13753333333,4370.752466666669
15548.9,14379.657366666688,1169.2426333333115
16067.58,19257.67001111108,3190.0900111110805
16264.8,16246.0545688889,18.745431111099606
117444.61,113703.62561111095,3740.9843888890464
17132.49,20287.032366666623,3154.542366666621
166001.0,241998.3997666667,75997.3997666667
323183.0,504537.3070000001,181354.3070000001
50703.0,44345.4271,6357.572899999999
8.74,12.390133333333344,3.6501333333333434
58716.81,99084.2571333334,40367.44713333341
203408.15,324308.91459999967,120900.76459999967
9218.55,12236.65314888889,3018.103148888891
3251.86,4711.6657333333305,1459.8057333333304
18285.2,25835.956866666667,7550.756866666667
10502.91,14296.41847666668,3793.5084766666805
3817.57,8344.263233333331,4526.693233333332
17069.07,22703.546366666687,5634.476366666688
1554.28,1801.0700066666661,246.79000666666616
6621.46,12041.943899999987,5420.483899999987
3033.67,6109.166399999999,3075.496399999999
1963.07,3111.107539999998,1148.0375399999982
4708.42,6343.747033333345,1635.3270333333448
34309.99,50501.69008888895,16191.700088888952
937.77,1080.6091999999976,142.83919999999762
6170.98,7196.327166666687,1025.3471666666874
2091.58,1596.9284866666653,494.6515133333346
17525.59,17986.16806666666,460.57806666666147
8767.53,13030.515251587267,4262.985251587266
847.69,1481.455729999996,633.765729999996
0.48,1.4187299999999992,0.9387299999999992
11940.0,16013.745466666647,4073.745466666647
1109.0,974.7910666666671,134.20893333333288
13844.0,26965.358066666657,13121.358066666657
86514.0,84654.42509999998,1859.5749000000214
41622.32,51827.94864444465,10205.628644444652
1521.06,1509.5019333333303,11.558066666669674
42130.12,54286.407000000065,12156.287000000062
6988.91,5756.75883333334,1232.1511666666602
10167.79,13815.942583888875,3648.152583888874
16693.4,18889.12776666663,2195.727766666627
11893.0,9043.041199999992,2849.9588000000076
285.3,399.8024333333344,114.50243333333441
10865.63,8308.656899999998,2556.973100000001
14.95,28.092178571428523,13.142178571428524
4091.82,5439.227033333327,1347.407033333327
639.43,684.958433333333,45.528433333333055
12173.72,11324.17079047617,849.5492095238296
5333.52,5583.485999999993,249.96599999999216
408.0,592.4397833333334,184.43978333333337
12153.02,10910.316012698413,1242.7039873015874
439.19,374.6954071428567,64.49459285714329
395.38,348.9539066666668,46.4260933333332
699.74,1311.2098666666668,611.4698666666668
486.0,368.1180126984123,117.88198730158769
549.0,816.0156666666668,267.0156666666668
189.27,185.85335462962965,3.416645370370361
72.5,70.72539999999982,1.7746000000001771
457.73,336.5741333333334,121.15586666666661
228.76,300.2549238095241,71.4949238095241
80.94,118.24445222222225,37.30445222222225
282.12,351.82061714285743,69.70061714285742
149.53,170.97487999999967,21.44487999999967
3.01,5.274993333333331,2.264993333333331
43.17,56.71394777777778,13.543947777777781
38.0,44.44789000000005,6.447890000000051
81355.0,82038.29400000017,683.294000000169
525372.11,646199.0861999991,120826.9761999991
67393.77,60048.471569444366,7345.298430555638
217894.34,260882.63108888935,42988.29108888935
50951.25,54560.340350000035,3609.090350000035
13073.36,14416.228062222219,1342.8680622222182
311668.77,259404.14916666682,52264.6208333332
459300.61,508968.2551000004,49667.64510000043
215987.34,266940.8212611109,50953.481261110894
41669.07,34089.04266666667,7580.027333333332
232508.52,299742.2418027777,67233.7218027777
122185.57,111542.87950000036,10642.690499999648
339941.87,277256.76462222193,62685.10537777806
2721.97,2589.353933333333,132.61606666666694
294548.78,267026.31655555597,27522.46344444406
121692.61,128976.57142666681,7283.961426666807
296526.82,250831.32953333322,45695.490466666786
2444.11,2449.394733333332,5.284733333332042
317834.2,289067.97022222204,28766.229777777975
143902.58,123616.1002933336,20286.47970666639
271572.19,262228.7737555557,9343.416244444321
51619.38,54592.829733333274,2973.4497333332765
59774.0,66157.91122666666,6383.911226666663
107276.0,126638.05673333332,19362.056733333317
383194.0,381397.42106666614,1796.5789333338616
53623.0,62204.64753333325,8581.64753333325
0.59,0.8337000000000021,0.24370000000000214
8.33,19.338900000000024,11.008900000000024
293.5,429.3203666666659,135.8203666666659
834.99,2681.830766666667,1846.840766666667
183.1,180.31451111111093,2.7854888888890628
106.87,152.26186518518534,45.39186518518534
226.18,240.35973333333334,14.179733333333331
463.26,540.8261626984122,77.5661626984122
381436.43,377059.83696666674,4376.593033333251
286642.0,303021.2047999997,16379.204799999716
260367.37,268968.34335555555,8600.973355555558
63282.3,54898.96533333338,8383.334666666626
127506.26,130028.15155444451,2521.891554444519
26896.35,21492.420866666682,5403.929133333317
16821.08,13072.246002222224,3748.8339977777778
126048.6,134867.3211838626,8818.721183862595
91061.62,81806.26233333333,9255.357666666663
16649.53,14511.308111111115,2138.2218888888838
11563.77,11524.942819047597,38.82718095240307
10903.49,11912.275699999973,1008.7856999999731
94379.13,87276.36843333316,7102.761566666843
357504.03,363520.9091666658,6016.879166665778
295810.3,266680.2712222221,29130.028777777916
15468.88,12611.766918253952,2857.113081746047
403771.0,403119.43310370337,651.5668962966301
33588.0,30755.52855999995,2832.4714400000485
201.09,167.06353333333308,34.02646666666692
900.84,709.0760666666666,191.7639333333334
1.33,1.6421233333333312,0.3121233333333311
128311.0,159740.2104,31429.21040000001
222528.31,254290.83105555578,31762.521055555786
136099.7,162827.9294333337,26728.229433333676
1031267.53,930102.5480666659,101164.98193333414
269.82,191.61243333333329,78.20756666666671
120903.74,122184.20693333328,1280.4669333332713
772874.27,845843.7052000004,72969.43520000041
41793.29,51025.416233333366,9232.126233333365
59068.84,74725.67426000004,15656.834260000047
5214.74,5099.461499999989,115.27850000001035
7477.68,7383.221233333336,94.4587666666639
52651.95,53178.08073333325,526.1307333332516
46270.8,46910.14330000003,639.3433000000296
15892.98,17597.635299999958,1704.6552999999585
50843.87,45917.776366666585,4926.0936333334175
206262.13,192943.60294999997,13318.527050000033
553364.5,502353.5744666665,51010.9255333335
277479.98,286168.5791666666,8688.599166666623
56206.03,55613.614799999945,592.415200000054
915978.89,891097.2188333322,24881.67116666783
292200.18,292029.89787500014,170.28212499985239
535315.55,489363.31170000066,45952.238299999386
548084.63,478449.8656000002,69634.76439999981
277364.84,280889.7892566664,3524.949256666354
101859.8,119196.34633333328,17336.546333333274
12788.19,11782.1650025926,1006.0249974074013
4649.39,4595.52747142857,53.86252857143063
108419.68,122941.96975555572,14522.289755555728
182044.08,201291.2352777777,19247.155277777725
113503.07,127917.00076666681,14413.930766666803
110252.86,117407.5063666669,7154.646366666901
5929.56,7421.052300000005,1491.4923000000044
239879.43,267874.0342666667,27994.60426666669
754644.66,823707.6055333344,69062.9455333344
218654.1,186115.57300000006,32538.526999999944
167717.0,187174.13010000015,19457.130100000155
264534.0,271884.1027222224,7350.102722222393
169876.0,153870.92643333308,16005.07356666692
98011.0,103490.39520000009,5479.395200000086
5027.0,4613.930033333337,413.0699666666633
831.32,737.9425833333325,93.3774166666675
5.55,6.076396666666659,0.5263966666666589
482.3,344.9742233333329,137.32577666666714
27.39,29.77799333333328,2.387993333333281
69.1,73.59135999999992,4.491359999999929
28.57,31.304919999999925,2.7349199999999243
397.49,337.662208333333,59.827791666667
75.0,78.85949000000006,3.859490000000065
14124.16,13950.991561363626,173.16843863637405
122214.04,119889.3624999998,2324.6775000001944
176385.25,187728.22523333316,11342.975233333156
223.87,192.77115317460292,31.09884682539709
17739.97,15822.704111111121,1917.26588888888
73128.99,73798.95826666674,669.9682666667359
136642.56,157485.58199999988,20843.02199999988
17220.71,16975.67646000002,245.03353999997853
136.49,144.89405333333357,8.404053333333565
16365.67,13926.625361587307,2439.0446384126935
14798.8,14683.789566666635,115.01043333336384
47035.46,54661.67816666678,7626.218166666782
120025.94,101882.94549999991,18142.994500000088
142.91,158.51761000000005,15.60761000000005
9020.94,8910.307466666663,110.63253333333705
55650.55,54939.55975555566,710.9902444443433
100005.52,75769.87916666664,24235.640833333367
104927.85,100055.96800000012,4871.881999999881
16820.27,16814.70536666665,5.564633333349775
58788.53,58455.7240866666,332.80591333339544
107355.3,80894.76613333338,26460.53386666662
101395.24,110856.16413333341,9460.924133333407
15299.17,12134.39930444442,3164.7706955555805
63892.53,62992.75517500004,899.7748249999568
124111.48,107696.74953333336,16414.73046666663
12100.2,10225.117179695793,1875.0828203042074
144097.0,105317.60293333321,38779.39706666679
35117.42,49259.44776666665,14142.027766666652
57317.78,50120.28970000008,7197.490299999918
27968.79,26049.39250000005,1919.3974999999518
4706.98,5533.399833333321,826.4198333333215
281534.19,272420.4214333338,9113.76856666623
69078.52,63574.64218777776,5503.877812222243
42119.28,48022.20430000002,5902.924300000021
8851.35,10256.985666666658,1405.635666666658
111791.69,115704.63416666661,3912.94416666661
68288.15,80629.42606666662,12341.276066666629
279705.68,260272.0793333339,19433.600666666083
258.48,230.65656666666666,27.823433333333355
428.78,391.852933809523,36.92706619047698
11958.54,9980.79986666666,1977.74013333334
35387.89,42380.17115,6992.2811500000025
174804.18,183866.9363833333,9062.756383333297
315156.48,290310.65415000037,24845.825849999615
139829.47,139340.55371547607,488.9162845239334
46202.43,49172.506699999954,2970.076699999954
3724.34,5837.032443333345,2112.692443333345
297346.87,275847.61061666725,21499.25938333274
34491.82,33376.07673333335,1115.74326666665
29216.42,36897.76966666665,7681.349666666654
72323.45,85209.90903333343,12886.459033333434
162411.52,162050.1905666665,361.32943333347794
40034.78,42600.03626666668,2565.256266666678
13407.63,11931.613724814828,1476.0162751851713
82436.28,95969.80046666658,13533.520466666581
98843.26,95230.61893333313,3612.641066666867
125645.14,136720.2618999999,11075.121899999896
82642.09,90690.11550000001,8048.025500000018
5212.74,6173.2465333333275,960.5065333333278
403.84,371.0110988888902,32.82890111110976
5854.91,5156.188175396826,698.7218246031734
48693.65,48861.67846666672,168.02846666672122
126829.9,117157.50749999995,9672.392500000045
63305.01,48194.025299999994,15110.984700000008
143824.15,132483.67969206328,11340.470307936717
33525.36,33597.820033333344,72.46003333334374
312405.53,305850.39045000024,6555.139549999789
4364.62,5690.163476666678,1325.5434766666785
70300.15,63927.83515388889,6372.314846111105
443.29,426.8011361111119,16.488863888888147
43839.39,46635.85580000003,2796.4658000000272
45073.94,38672.80956666673,6401.130433333274
9311.82,8640.841933333331,670.9780666666684
5544.03,4756.118647619037,787.9113523809629
19067.99,17712.384066666677,1355.605933333325
160826.0,153865.98473333337,6960.015266666625
114525.0,99825.99736666646,14699.00263333354
163674.0,180762.4669333331,17088.46693333311
9690.0,14886.105700000015,5196.105700000015
356508.0,301047.82443888887,55460.17556111113
8464.0,9699.897266666678,1235.8972666666778
11457.0,9760.068233333326,1696.9317666666739
259042.12,214747.92586666642,44294.19413333357
58755.73,59870.746277777704,1115.0162777777005
109.28,78.74568000000005,30.53431999999995
10283.57,11841.681366666659,1558.1113666666588
5048.72,4481.5976233333295,567.1223766666708
396467.64,386546.53899999935,9921.101000000664
3808.19,4046.197890277783,238.00789027778274
54913.79,39859.06796666666,15054.722033333339
6489.0,7289.95263333334,800.9526333333397
2158.11,2140.8085333333356,17.30146666666451
14956.46,17445.937099999996,2489.4770999999964
24618.49,19423.61336666663,5194.876633333373
93842.7,90111.61573333343,3731.0842666665703
70.32,65.14331999999995,5.176680000000047
757.12,639.9816666666655,117.13833333333446
68350.84,67776.1956777779,574.6443222220987
88469.06,64961.26030000005,23507.799699999945
13230.39,13987.475033333361,757.0850333333619
225934.01,202984.41083333307,22949.599166666943
236839.84,246225.0356333333,9385.195633333293
53557.8,50995.57333333333,2562.2266666666765
65490.21,72038.00008333342,6547.790083333421
49.85,45.552706666666644,4.297293333333357
7956.06,7110.001166666673,846.0588333333271
7690.1,9189.90416666666,1499.8041666666595
150040.0,151211.96433333337,1171.964333333366
268134.0,219813.43400000012,48320.565999999875
9912.0,10673.303699999999,761.3036999999986
463563.57,529602.442066667,66038.87206666701
65.59,61.938730555555495,3.651269444444509
419229.97,438266.45626666717,19036.486266667198
67344.61,60476.6346111111,6867.975388888903
20.54,17.726723333333297,2.8132766666667024
9714.09,10266.112506666681,552.0225066666808
383353.44,408401.47710000025,25048.03710000025
9037.99,8771.127376666673,266.86262333332706
553202.57,525503.3940666661,27699.175933333812
289798.4,329825.95440000057,40027.55440000055
8982.9,7613.706700000013,1369.1932999999863
57527.32,53032.50332222222,4494.816677777781
414576.37,423726.3571999994,9149.987199999392
9599.79,9630.517433333336,30.727433333335284
307816.0,287000.64804999955,20815.351950000448
31.469,28.20573506132753,3.263264938672471
27.428,24.254463055555572,3.173536944444429
7.061,6.441000000000006,0.6199999999999939
28.068,26.510598055555533,1.557401944444468
20.945,17.95807333333334,2.986926666666662
14.365,13.403243333333295,0.9617566666667052
7.098,6.218073333333332,0.8799266666666679
50.238,52.45374500000002,2.2157450000000196
19.728,17.735709999999976,1.9922900000000254
24.208,23.915408388888906,0.2925916111110922
50.511,38.48371822222212,12.02728177777788
5.271,5.9312299999999984,0.6602299999999985
36.889,35.804240577200545,1.0847594227994577
19.184,18.48087999999995,0.7031200000000517
26.984,21.164053888888898,5.819946111111104
14.597,14.895139999999971,0.29813999999997165
44.287,44.393673333333325,0.10667333333332607
28.495,23.523292166666693,4.9717078333333085
2.973,4581.00836666666,4578.03536666666
3.694,3550.716189999998,3547.022189999998
144.82,133.76290000000014,11.05709999999985
107.62,71.56025000000005,36.05974999999995
68.42,58.51435638888892,9.905643611111081
31.2,29.35992373809518,1.8400762619048194
43.09,33.15024186507936,9.939758134920645
58.29,46.89379499999999,11.396205000000009
201.8,168.71255000000036,33.08744999999965
162.22,131.83753333333343,30.382466666666573
696725.99,690376.5724666658,6349.417533334228
1414730.62,1409181.2588666684,5549.361133331666
177276.3,183193.95866666676,5917.658666666772
1133671.33,1177157.798866668,43486.46886666794
544986.21,670636.319866667,125650.10986666707
1767.92,1794.8833999999981,26.963399999998046
2459.63,2585.1502333333306,125.52023333333045
468764.28,523668.9826666662,54904.702666666184
344214.39,306790.0518333327,37424.33816666732
502574.97,474585.8348666666,27989.135133333388
572005.83,531812.4131666669,40193.41683333309
174597.02,148323.28066666648,26273.739333333506
7317.23,7020.380533333328,296.849466666672
465.03,420.90855611111164,44.12144388888834
406.54,393.044462777779,13.495537222221003
37041.64,33292.083666666695,3749.556333333305
28744.69,26357.63090000002,2387.0590999999804
566334.48,548304.9101000014,18029.569899998605
1031.24,1021.324633333334,9.915366666666046
437.44,446.0150000000009,8.575000000000898
28371.86,26883.350699999974,1488.509300000027
611773.02,639760.9040999998,27987.884099999792
310715.2,276493.06333333306,34222.13666666695
262037.84,288897.5142266661,26859.67422666613
167865.29,171758.5456,3893.255600000004
1234133.75,1178579.7929666673,55553.95703333267
146494.62,142974.4193333332,3520.2006666667876
35624.74,28253.76423809522,7370.975761904778
289205.7,226810.81166666653,62394.88833333348
148670.61,152450.3480888889,3779.738088888902
861.82,972.5339999999991,110.71399999999903
300142.89,266421.1926999998,33721.69730000023
1131976.57,1073431.3569666692,58545.21303333086
6325.63,5473.388490000004,852.2415099999962
1316.49,1395.1781999999994,78.68819999999937
39968.81,43054.91666666667,3086.106666666674
299675.82,292122.40169999975,7553.418300000252
334188.58,277152.8551999997,57035.72480000032
484085.66,466814.8842666662,17270.77573333378
1041530.95,1040651.9812666675,878.9687333324691
118188.45,125818.39636666665,7629.946366666656
1211.69,1226.424766666664,14.734766666663973
660107.0,756229.6196666654,96122.61966666544
555727.0,513930.50993333367,41796.49006666633
294027.0,310425.98465999984,16398.984659999842
188774.0,176844.23216666668,11929.767833333317
805.0,546.4259999999998,258.5740000000002
52.0,50.855506666666614,1.1444933333333864
31808.0,27678.628999999983,4129.371000000017
190899.47,147120.13903333308,43779.33096666692
495772.48,474182.8356999998,21589.64430000016
266931.24,259743.25356666668,7187.98643333331
202497.04,182106.16650000084,20390.873499999172
92626.24,72272.3272999999,20353.912700000103
494578.9,536624.4312666667,42045.531266666716
256.1,180.77743999999984,75.32256000000018
27120.47,25022.857666666685,2097.612333333316
145466.78,142563.49261111094,2903.287388889061
111340.46,93546.3845,17794.075500000006
339445.37,277905.3423999999,61540.02760000009
341370.25,325514.7698666665,15855.480133333476
161773.24,190266.2531466667,28493.013146666723
206397.46,196139.02200000014,10258.43799999985
8968.93,9183.287900000021,214.3579000000209
72339.82,70216.62950000007,2123.1904999999388
167338.71,174191.22483333343,6852.514833333436
339013.18,353940.6851666666,14927.505166666582
714851.91,672809.0879333337,42042.822066666326
204117.51,200099.86546666664,4017.6445333333686
389137.21,391142.1081733333,2004.898173333262
349524.93,351115.6269666668,1590.6969666667865
2085.38,3615.7968900000023,1530.4168900000022
800945.03,743460.7922000014,57484.237799998606
196084.4,191852.97921333316,4231.420786666829
191725.78,199882.05036666666,8156.270366666664
62967.4,64777.825600000135,1810.4256000001333
341080.17,354045.86290000065,12965.692900000664
469889.52,453999.8586999999,15889.661300000094
20288.3,16462.07113333332,3826.228866666679
275622.59,284354.9221833332,8732.332183333172
154076.91,150156.14272222202,3920.767277777981
778895.15,764777.831166667,14117.318833332974
56887.24,57467.65373333343,580.4137333334293
287721.45,275212.4778999999,12508.97210000013
641988.28,671779.0616666676,29790.78166666755
678350.41,715662.2176000002,37311.807600000175
215629.01,190762.35276666694,24866.65723333307
162001.48,159228.28399999999,2773.1960000000254
322355.32,328235.3990461538,5880.079046153813
424362.51,399481.00366666674,24881.506333333266
177192.04,161227.60593333343,15964.434066666581
50813.53,43719.17439999998,7094.355600000017
205076.95,181803.9155666669,23273.034433333116
312720.22,318862.70926282054,6142.489262820571
528.77,534.4394999999994,5.6694999999994025
758569.0,778750.9123333325,20181.912333332468
142111.0,134573.79833333322,7537.201666666777
290643.0,234737.64463333358,55905.35536666642
724004.0,721047.1999333338,2956.800066666212
4257.0,4031.9130000000046,225.08699999999544
7750.0,6791.674946666666,958.3250533333339
377263.18,364838.22896666615,12424.95103333384
216884.62,207467.44700000004,9417.172999999952
310736.82,301775.9353925924,8960.884607407614
896652.91,785340.052166668,111312.85783333203
351702.39,304196.8616333334,47505.52836666664
4182.15,4371.212191111119,189.06219111111932
14474.53,14649.642861111115,175.1128611111144
196430.58,211074.86163333338,14644.28163333339
251371.94,280303.229433333,28931.289433332975
193774.5,213696.42586666657,19921.92586666657
339755.88,325196.44346666755,14559.436533332453
777190.36,752554.0553333338,24636.304666666198
7032.99,7797.790699999988,764.800699999988
8259.39,7150.693466666676,1108.6965333333237
108445.62,92827.99736666669,15617.622633333303
274389.82,272476.5015666667,1913.3184333333047
290688.21,298468.55161893147,7780.341618931445
436884.05,394312.08120000013,42571.96879999986
446052.38,409536.0062666669,36516.37373333308
728915.12,725404.0554333343,3511.0645666656783
886060.99,841786.0390333326,44274.950966667384
228980.21,206268.2005666666,22712.009433333384
11723.75,10462.490933333309,1261.259066666691
10115.21,8789.23993333334,1325.9700666666595
11138.05,11080.053733333325,57.99626666667427
116456.34,115696.36743333339,759.9725666666054
198222.01,206388.81996666707,8166.8099666670605
202501.4,182633.75046666694,19867.649533333053
489418.62,416573.98416666815,72844.63583333185
9534.86,9707.907299999999,173.04729999999836
8924.08,8143.710399999984,780.3696000000164
207217.26,226736.33936666654,19519.079366666527
168853.55,158561.43659999975,10292.113400000235
607371.19,635981.5165333336,28610.32653333363
337172.14,304048.81044615404,33123.32955384598
266699.89,246872.50059999997,19827.389400000044
172494.38,184828.95326666682,12334.57326666682
8103.92,7414.657266666656,689.2627333333439
7293.69,7726.52813333334,432.83813333334
92992.64,86228.83843333353,6763.801566666472
114874.53,112482.98230000005,2391.547699999952
240224.41,203414.7801000001,36809.62989999991
195855.35,164481.21943333335,31374.13056666666
186257.96,195318.08799999979,9060.127999999793
108483.14,97120.24223333367,11362.897766666327
7502.06,7394.714166666671,107.34583333332921
8020.03,7571.035300000006,448.9946999999938
3292.78,3486.245323333339,193.4653233333388
259477.68,268638.3746666672,9160.694666667201
177607.38,191218.69196666684,13611.311966666835
523067.49,452654.9704666678,70412.5195333322
145931.75,185228.94050000058,39297.19050000058
8392.91,7643.646200000001,749.2637999999988
7340.42,6447.691666666663,892.7283333333371
3659.41,2737.334866666664,922.075133333336
231437.0,202841.7826666667,28595.217333333305
279902.0,282570.6616555557,2668.661655555712
175677.0,163606.63369999966,12070.366300000343
312409.0,289917.6778333329,22491.322166667087
435224.0,402747.55829999933,32476.441700000665
480264.0,446336.74413333373,33927.255866666266
3709.0,3839.4016666666785,130.40166666667847
3086.0,1922.749566666667,1163.250433333333
158239.67,247972.90559999997,89733.23559999996
5767.0,11073.788000000008,5306.788000000008
473.1,609.2789499999986,136.17894999999862
150222.44,243306.71453333364,93084.27453333364
103764.57,118014.90509999979,14250.335099999778
30091.24,27231.83290000003,2859.4070999999713
713.18,872.9069000000005,159.72690000000057
154301.07,281028.891466667,126727.821466667
23810.44,26722.278333333317,2911.8383333333186
85295.01,118710.57939999965,33415.56939999966
32340.73,45077.91313333337,12737.183133333372
15174.03,15501.42969999997,327.399699999969
177411.07,255588.75689999998,78177.68689999997
64523.83,89875.24333333342,25351.413333333418
195232.6,228938.8327333337,33706.23273333369
36780.53,40039.230066666714,3258.7000666667154
36372.21,34063.06293333341,2309.147066666592
37319.59,40473.842233333424,3154.2522333334273
566.0,632.0501999999987,66.05019999999865
288711.72,341919.05983333354,53207.339833333564
74833.26,65602.96056666686,9230.29943333313
19255.36,26624.736500000028,7369.376500000028
9518.26,12070.673456388882,2552.413456388882
117728.21,146088.9380666666,28360.72806666659
94175.17,75713.88360000007,18461.286399999924
59067.28,74215.50853333343,15148.22853333343
16123.59,14695.947466666667,1427.6425333333336
9496.4,11316.09801666664,1819.69801666664
3091.86,3843.0847333333363,751.2247333333362
221359.83,260433.0966000004,39073.26660000041
36572.77,43785.80166666669,7213.031666666691
8881.97,10544.588566666655,1662.6185666666552
129050.5,176080.75036666676,47030.25036666676
186867.79,246907.96360000034,60040.17360000033
114278.22,155074.08163333315,40795.861633333145
114278.22,155833.7098333333,41555.4898333333
107210.87,117145.4053664141,9934.5353664141
219962.68,281286.90393333323,61324.22393333324
114594.15,131210.00379444426,16615.853794444265
84857.0,76726.32946666675,8130.67053333325
8554.0,10283.54366666667,1729.54366666667
368.22,423.37649777777864,55.15649777777861
1561.52,3474.2722833333382,1912.7522833333383
8891.95,15802.15597611111,6910.205976111109
640.75,760.5642428571426,119.81424285714263
6897.51,12262.000633333348,5364.490633333347
8441.46,19809.755000000005,11368.295000000006
45703.62,59991.82500000004,14288.205000000038
179659.65,263453.50628333364,83793.85628333365
6414.3,8836.436599999992,2422.1365999999916
18258.66,16049.83659999996,2208.8234000000393
153060.04,210658.08743333296,57598.04743333295
8092.07,8564.793366666674,472.72336666667434
24.93,31.674162976190456,6.744162976190456
1608.48,2093.4826666666663,485.0026666666663
623.83,622.5324595238077,1.2975404761923528
1820.74,2672.8069666666643,852.0669666666643
8348.74,12060.902791559807,3712.1627915598074
311.67,365.4538003968267,53.78380039682668
19185.26,20941.250700000008,1755.9907000000094
31196.0,33763.798033333354,2567.7980333333544
5810.0,6503.248533333339,693.2485333333389
143.0,259.4568999999999,116.4568999999999
32083.72,42706.94913333339,10623.229133333392
144048.49,112697.49536666684,31350.994633333146
38039.29,58692.95983333337,20653.66983333337
37.27,57.28572749999996,20.015727499999954
17078.56,23010.185266666635,5931.625266666633
104441.83,111105.80509999987,6663.975099999865
932.09,681.5218333333327,250.56816666666737
48202.66,49485.0477000001,1282.387700000094
1284.77,1557.2958333333333,272.52583333333337
105025.7,107271.59553333331,2245.8955333333142
12076.25,12359.379088888905,283.12908888890524
489.42,686.7226999999997,197.30269999999967
20498.89,21687.12196666671,1188.23196666671
153.85,194.9742207407406,41.12422074074061
1348.29,1197.390499999999,150.8995000000009
106553.73,114836.26054999995,8282.530549999952
696.0,675.0741,20.925899999999956
256.0,219.79103333333381,36.208966666666186
15978.78,21714.942466666645,5736.162466666645
19425.91,17231.57309999996,2194.3369000000384
15394.85,15266.843566666637,128.00643333336302
733.01,1043.1613999999997,310.15139999999974
13010.96,14096.431083888869,1085.4710838888695
12945.28,12366.011333333334,579.2686666666668
47.4,39.88293499999999,7.517065000000009
11575.0,10584.022666666684,990.977333333316
365.39,419.3191308080812,53.9291308080812
696.68,961.6348449999996,264.95484499999964
370.04,409.2331058080809,39.19310580808087
44.36,63.308384166666656,18.948384166666656
519.92,490.5322266666663,29.387773333333655
57.95,66.67902999999998,8.72902999999998
59.89,140.09598148148152,80.20598148148152
53.11,57.26648611111119,4.156486111111192
408.65,406.259622222222,2.390377777777985
43.4,51.61965361111115,8.219653611111148
299.02,359.86699566257863,60.84699566257865
76.13,130.94100000000014,54.81100000000015
11.42,22.429961111111112,11.009961111111112
481.0,458.2399999999992,22.760000000000787
83364.18,75855.12626666664,7509.053733333349
194593.04,196642.03506666672,2048.9950666667137
228265.9,233234.2195999999,4968.319599999901
43391.57,60006.13627500001,16614.566275000012
2794.74,2658.9775666666615,135.76243333333832
355113.03,410159.43606666697,55046.40606666694
455234.05,566149.1046000004,110915.05460000044
599111.2,689966.8343333344,90855.6343333344
30361.02,28518.95893809526,1842.0610619047402
397374.49,441501.25210000004,44126.76210000005
449294.9,525129.1290333336,75834.2290333336
296934.72,256835.6545000001,40099.06549999988
50700.33,51635.43013333324,935.1001333332388
60772.93,61641.25214444447,868.3221444444716
475668.41,517830.1953666661,42161.785366666154
84631.42,90607.23730000015,5975.817300000155
128637.72,109884.3313333332,18753.388666666797
95711.27,94065.6581666666,1645.6118333334016
115934.28,114256.11449999988,1678.1655000001192
29538.83,38589.915900000065,9051.085900000064
147440.0,128974.74283333296,18465.25716666704
526198.0,531639.9310000001,5441.931000000099
154782.0,129717.617641414,25064.382358585994
167.98,218.15205333333301,50.172053333333025
0.57,0.626233333333335,0.05623333333333502
64.73,72.27276666666653,7.542766666666523
615.26,684.0106666666653,68.75066666666532
103.47,159.3865010052911,55.91650100529111
16.63,14.970573333333311,1.659426666666688
77.0,68.34076666666665,8.659233333333347
253392.28,264846.09576666675,11453.815766666754
13796.15,13469.599058333306,326.5509416666937
354915.09,358708.7438333334,3793.653833333403
92429.31,83700.5559,8728.754099999991
232315.51,250113.64506666642,17798.135066666408
83951.02,87122.53096666667,3171.5109666666685
172742.72,194606.4101333331,21863.69013333309
135065.47,139127.99515277782,4062.5251527778164
308399.03,303616.8357214817,4782.19427851832
83706.14,73564.54336666665,10141.596633333349
101624.93,104765.5881333332,3140.658133333214
36896.75,28900.244000000017,7996.505999999983
138068.0,134127.34652474755,3940.653475252446
13494.0,12870.622134797979,623.377865202021
451.0,583.101799999998,132.10179999999798
126822.5,127823.98687500003,1001.4868750000314
880519.16,946492.4434999981,65973.28349999804
205038.16,226187.17923333327,21149.019233333267
619691.68,713567.5026666673,93875.82266666729
11734.98,14516.313433333327,2781.333433333328
186319.88,216619.13546666713,30299.25546666712
106837.31,128293.05946666685,21455.74946666685
135272.5,122757.65700000011,12514.842999999892
275381.94,263669.1314666669,11712.808533333126
443799.14,481417.63399999985,37618.49399999983
210060.36,209260.6223666672,799.7376333327848
163218.08,155770.72901111064,7447.350988889346
101500.65,121359.75466666691,19859.104666666914
269146.84,271488.7044166667,2341.864416666678
40596.2,44002.176666666666,3405.976666666669
194020.2,190703.4556666667,3316.7443333333067
12046.39,12392.187741358812,345.79774135881235
6710.53,8632.013700000009,1921.4837000000089
231035.1,266315.27866666694,35280.178666666936
196087.49,196288.8060000003,201.31600000031176
797933.74,884955.0578333316,87021.31783333165
16806.41,15703.879866666652,1102.5301333333482
847495.03,811538.7755666671,35956.25443333294
259790.95,267870.6112000001,8079.66120000009
31942.73,32343.499300000003,400.76930000000357
292072.62,277257.6747444443,14814.945255555678
12907.7,14523.891177777768,1616.1911777777677
131809.69,140813.52936805531,9003.839368055313
114509.68,105551.35216666681,8958.327833333184
242469.8,236991.8923333332,5477.9076666667825
36189.33,41294.135899999994,5104.805899999992
208030.0,187472.8532666666,20557.146733333386
106425.0,110272.81403333336,3847.8140333333577
78835.0,81554.75489999999,2719.7548999999854
18884.0,18634.99923333333,249.00076666667155
992.99,1033.689086666666,40.69908666666606
2.33,3.2448811111111087,0.9148811111111086
499.14,404.7582724747481,94.3817275252519
17.04,26.48576000000002,9.445760000000021
88.0,151.66792037037047,63.66792037037047
3.15,3.2458811111111077,0.09588111111110775
198.71,190.84133814814803,7.868661851851982
219.21,209.329855555556,9.880144444444
37.24,27.47974999999996,9.760250000000042
940.98,1664.6095333333333,723.6295333333333
1038489.34,1253160.6338333338,214671.29383333388
185090.11,179192.47449999998,5897.635500000004
484604.79,510957.2576666677,26352.46766666771
37418.38,33153.45860000001,4264.921399999985
917156.76,1160558.8300666679,243402.07006666786
38509.64,38799.193900000006,289.55390000000625
82073.28,106258.47363333339,24185.193633333387
12015.11,11917.446020171948,97.6639798280521
13784.51,11888.556765974201,1895.9532340257992
144445.74,153285.8955333331,8840.155533333105
39203.3,32069.63703333337,7133.662966666634
11067.82,10420.54923333333,647.2707666666702
143115.22,134699.0989,8416.12109999999
920413.27,911666.8502333317,8746.419766668347
47059.3,44378.10803333335,2681.191966666651
716876.05,661781.3453000005,55094.70469999954
6679.1,6656.54593333332,22.554066666680228
63967.79,50713.71973333337,13254.070266666633
180.36,200.44159917989444,20.081599179894425
667136.0,650399.702733334,16736.297266665963
46968.0,46109.218100000115,858.7818999998854
33786.0,30313.22703333337,3472.772966666631
21729.0,14567.308736111116,7161.691263888884
97876.5,90037.57846666659,7838.921533333414
49706.39,54421.41013333336,4715.020133333361
196297.25,182654.39693333342,13642.853066666576
72502.95,69073.80223333332,3429.147766666676
42068.41,40329.98886666662,1738.4211333333806
419.97,420.9248916666681,0.9548916666680611
50174.73,46081.97106666674,4092.7589333332653
9230.46,7850.303656666656,1380.156343333343
2969.08,3007.715733333335,38.63573333333488
6183.98,7182.07199999998,998.0919999999805
82658.97,90251.24416666669,7592.274166666684
61513.4,47493.491122222156,14019.908877777845
310784.51,298956.9235548152,11827.586445184832
65816.11,58374.38773999996,7441.722260000039
29259.13,29252.991966666686,6.1380333333145245
3123.34,1967.556766666663,1155.7832333333372
6028.72,5275.81810333333,752.9018966666699
106168.3,94460.88016666671,11707.41983333329
31726.75,39590.4327666667,7863.682766666701
10549.72,12171.911941111093,1622.191941111094
19609.89,17997.8183,1612.0717000000004
107239.08,89917.14776666675,17321.932233333253
270270.84,289603.86043333326,19333.020433333237
69181.22,61548.46551777784,7632.754482222161
12097.93,12217.64717098844,119.71717098844056
394.06,368.76055833333317,25.299441666666837
2385.57,2195.9896666666673,189.58033333333287
63451.43,55210.20743333346,8241.22256666654
65908.05,79359.9560333333,13451.906033333304
27674.56,33620.85206666664,5946.292066666636
9647.98,11152.930833333343,1504.9508333333433
63406.82,50950.84052222225,12455.97947777775
42368.62,61601.93226666663,19233.312266666624
68644.12,79889.55339999996,11245.433399999965
41829.32,44144.59076666669,2315.27076666669
77884.81,73755.83203333321,4128.977966666789
14646.73,13496.018249231774,1150.711750768225
14017.67,11917.277958782068,2100.3920412179323
41573.96,36628.506800000054,4945.453199999945
78473.8,51820.0753666667,26653.724633333302
34116.51,27173.491000000045,6943.018999999957
44805.66,49920.851199999895,5115.191199999892
333128.7,297650.638605556,35478.06139444403
45334.39,37970.134433333325,7364.255566666674
421.57,365.9946337301595,55.575366269840515
2694.34,1786.9999333333267,907.3400666666735
142694.0,139461.23433333327,3232.7656666667317
187490.0,170207.9738000001,17282.026199999906
46928.0,52912.57146666675,5984.571466666748
37566.0,49729.708199999965,12163.708199999965
38781.0,32373.021766666676,6407.978233333324
94856.0,78880.38500666674,15975.614993333264
3883.0,3632.689123333335,250.31087666666508
20427.0,21476.339633333348,1049.3396333333476
509.0,410.18009826839824,98.81990173160176
10667.0,9312.493743333343,1354.5062566666566
2188.0,1331.6581666666666,856.3418333333334
29247.0,23431.81126666666,5815.18873333334
57573.07,46684.2475866665,10888.822413333502
58334.99,62984.40216666662,4649.412166666625
375153.85,400284.887933333,25131.03793333302
48442.91,39538.946299999974,8903.96370000003
65841.73,57029.047133333246,8812.68286666675
98828.56,79522.68109999991,19305.878900000083
14017.31,18530.918400000013,4513.608400000014
128126.1,142120.80290000007,13994.702900000062
54072.16,61643.78649999995,7571.626499999948
171161.97,148403.7774333333,22758.192566666694
47252.94,42765.22636666668,4487.713633333326
93110.71,85131.49343333325,7979.216566666757
6332.96,7083.94776666667,750.9877666666698
184943.58,153691.25826666644,31252.32173333355
388190.19,411464.94793333334,23274.75793333334
39168.32,38431.962399999975,736.3576000000248
99405.96,84649.66343333317,14756.296566666831
64355.17,62352.90283333338,2002.267166666621
49550.64,51984.44083333331,2433.8008333333128
10845.97,10513.177199999966,332.7928000000338
69478.52,65453.510166666805,4025.009833333199
59902.25,77468.89558333343,17566.645583333433
7101.39,6997.312766666687,104.07723333331342
63764.22,68866.62933333343,5102.409333333431
1715.26,1250.9266999999998,464.33330000000024
7473.79,8472.82476666666,999.0347666666594
146792.05,135172.15206666684,11619.897933333152
239555.09,219879.90349999967,19675.18650000033
52636.91,46816.87753333333,5820.032466666671
1408.35,1145.4088333333339,262.94116666666605
65.49,65.63116888888885,0.14116888888885626
1112.0,801.5345666666661,310.46543333333386
15135.0,13162.641754166672,1972.3582458333276
309151.0,294035.3233083332,15115.676691666828
71678.0,76499.56280000001,4821.562800000014
45672.0,32282.937333333375,13389.062666666625
3903.54,4461.80080666667,558.2608066666699
8348.6,9363.881955555558,1015.2819555555579
276627.35,297679.2886315479,21051.938631547906
328825.23,307089.00166666694,21736.22833333304
481001.54,448275.4422999995,32726.097700000508
396558.51,388322.65023333277,8235.859766667243
449067.08,410421.3973333329,38645.6826666671
357013.22,379907.14693333197,22893.926933331997
24.418,27.79312277777782,3.375122777777822
7.941,7.249099999999992,0.6919000000000075
4.905,4.778476666666662,0.12652333333333843
24.21,18.63514000000001,5.57485999999999
58.495,53.05128222222211,5.443717777777884
47.659,42.19534616666673,5.463653833333268
6.132,5.447336666666652,0.6846633333333481
50.249,56.30137000000012,6.052370000000117
26.239,30.30673415873013,4.067734158730129
19.066,18.526890000000034,0.5391099999999653
5.235,4.225897777777769,1.0091022222222312
36.08,30.624933547619044,5.4550664523809544
88.0,67.04736333333328,20.95263666666672
251.17,190.51839166666625,60.65160833333374
140.75,125.86253333333339,14.887466666666612
137.0,127.1281000000001,9.871899999999897
348683.62,328138.0654533334,20545.554546666623
510048.82,455932.30023333244,54116.51976666757
554231.74,507446.072533333,46785.667466667015
330508.46,314090.483366666,16417.97663333401
990994.87,970205.1987000003,20789.671299999696
194398.08,203262.48999999958,8864.409999999596
14436.5,14224.30904999999,212.19095000000925
357.06,254.15593333333334,102.90406666666667
31610.43,29373.41640000006,2237.01359999994
276734.07,281376.05082079355,4641.980820793542
143820.03,131000.44869999989,12819.581300000107
1117813.97,1070819.0466333313,46994.923366668634
15103.37,14073.429333333308,1029.9406666666928
298974.65,319076.62119499984,20101.971194999816
159957.49,162287.79299999986,2330.302999999869
6799.08,5638.753290000002,1160.3267099999975
285154.0,306842.25768666656,21688.257686666562
959456.43,967548.7598333341,8092.329833334079
587586.07,540135.1836333346,47450.88636666536
172.1,169.7891694444447,2.310830555555299
299893.8,318959.7159866668,19065.915986666805
508220.48,546019.2229999992,37798.7429999992
305676.17,288747.8566333334,16928.31336666661
298163.0,306168.2155249999,8005.2155249998905
1038780.58,1059470.920466666,20690.34046666615
188731.69,186207.96316666677,2523.726833333232
338.03,236.70406666666722,101.32593333333276
31271.18,31210.57313333334,60.60686666666152
261023.34,253245.56273333292,7777.777266667079
1027659.54,978853.5333999988,48806.006600001245
769.39,493.27989999999954,276.11010000000044
440.48,411.6684205555559,28.811579444444135
510632.02,477497.2119999999,33134.808000000136
148802.98,137835.17409999997,10967.805900000036
13693.1,14226.48639999999,533.3863999999903
32.73,29.58842530687829,3.141574693121708
496250.0,485844.6284333327,10405.37156666728
575.0,446.97418619047687,128.02581380952313
31808.0,23655.028899999976,8152.971100000024
117355.84,98980.81760000013,18375.02239999987
238961.88,234691.64946666674,4270.230533333262
681587.71,710210.8226333334,28623.112633333425
578935.69,518056.3804666659,60879.309533334046
199421.36,188595.9967961542,10825.363203845773
389121.08,399618.8269666672,10497.746966667182
4952.36,5290.096390000014,337.7363900000146
699964.69,670406.1713333338,29558.518666666117
266228.84,285100.5673022223,18871.72730222228
427165.28,383612.68723333353,43552.592766666494
270001.44,277748.49763333367,7747.057633333665
358638.05,324823.8051333331,33814.24486666691
150815.97,136100.7330333336,14715.236966666387
406556.5,391204.05099999957,15352.44900000043
3946.79,4781.853933333342,835.063933333342
99154.18,88737.28723333341,10416.892766666584
273294.19,282379.17242079356,9084.98242079356
225425.92,288546.71266666666,63120.792666666646
347804.03,321457.0001000002,26347.02989999985
157839.72,154833.04776666654,3006.672233333462
405989.34,358851.61469999986,47137.725300000166
141701.4,143278.17958571416,1576.779585714161
711.11,582.8562999999995,128.25370000000055
2442.65,3018.563323333336,575.9133233333359
109047.94,93164.96096666668,15882.979033333322
293909.04,292894.04665190476,1014.9933480952168
383143.3,367482.25150000065,15661.048499999335
626632.73,722560.4584000002,95927.72840000025
587469.44,595832.2999999999,8362.859999999986
195692.08,182073.34894777805,13618.731052221934
203279.05,203695.5851799999,416.5351799999189
341113.01,337824.5143666672,3288.4956333328155
442225.87,441626.4749000002,599.3950999997905
725.68,764.0897333333331,38.40973333333318
7052.69,7605.319366666679,552.6293666666797
140160.87,135432.72576666658,4728.144233333413
60651.87,64736.21431111116,4084.3443111111555
472868.55,517320.65853333304,44452.108533333056
508149.97,528016.575133332,19866.60513333208
146349.82,130739.78281111123,15610.037188888775
384838.98,405528.5562333331,20689.576233333093
646.43,503.3965044444448,143.03349555555513
279478.0,288896.19277968217,9418.19277968217
279953.51,294290.7325989412,14337.222598941182
289707.98,311133.16651111114,21425.186511111155
735187.08,646092.5772333333,89094.5027666667
424410.81,470397.8625000005,45987.052500000515
527355.2,536545.2723999989,9190.072399998899
245267.0,268736.4916999999,23469.491699999897
526724.0,640992.4784000011,114268.47840000107
174914.0,179974.18303504307,5060.183035043068
634373.0,675102.3049000008,40729.3049000008
373677.0,381955.0380333332,8278.0380333332
491.0,552.3314999999996,61.33149999999955
1576.0,1079.5580666666667,496.4419333333333
253835.28,270967.99546666647,17132.715466666472
317873.85,287102.2410333334,30771.608966666565
393773.29,352424.9221999999,41348.367800000065
564241.12,492751.49056666583,71489.62943333416
11850.09,11798.24909999999,51.84090000001015
5747.01,5405.6644500000075,341.3455499999927
91941.66,108149.9649000001,16208.30490000009
224027.19,203579.6439666665,20447.546033333492
344236.34,320969.9657333329,23266.374266667117
692073.16,722367.7052000007,30294.545200000633
519934.36,467001.3525333329,52933.0074666671
10804.71,11263.57006666666,458.8600666666607
3565.88,4383.599346666663,817.7193466666631
83940.9,99625.02336666698,15684.123366666987
196847.53,207658.88806666687,10811.358066666871
215913.41,209976.469666667,5936.940333333012
192600.06,212809.80296666638,20209.74296666638
343163.9,301768.62967916694,41395.27032083308
207294.89,215568.8342666666,8273.9442666666
191735.47,189638.43656666667,2097.0334333333303
101827.44,88810.7247666667,13016.715233333307
10283.81,9672.313328571421,611.4966714285783
5274.24,5015.274223333325,258.9657766666751
4461.78,4410.049866666658,51.730133333341655
88116.57,99468.46110000029,11351.891100000284
404665.04,391928.2866000002,12736.753399999754
237916.96,203729.9040333332,34187.05596666678
247366.27,199021.17866666662,48345.091333333374
326826.64,305977.6390541672,20849.000945832813
307279.68,278613.2685666671,28666.41143333289
674002.0,767140.0630000017,93138.06300000171
96723.97,82114.2524333333,14609.717566666703
4414.93,4088.0904266666653,326.839573333335
13505.81,11945.206374722211,1560.6036252777885
5750.19,4859.121406666668,891.0685933333316
90428.21,91009.5890333336,581.3790333335928
115758.01,116992.78513333331,1234.7751333333144
462205.98,439506.3259333332,22699.654066666786
185412.51,191694.14796666647,6281.637966666458
376476.43,389187.1582666667,12710.728266666702
401573.69,413050.53096666565,11476.840966665652
498938.59,437607.6272999994,61330.962700000615
411242.2,344472.287566666,66769.91243333399
230581.31,205381.24187999967,25200.06812000033
6762.57,4469.160523333345,2293.409476666655
346873.45,311540.64889999945,35332.801100000564
418096.11,401431.21523333323,16664.894766666752
280592.09,262907.67306666705,17684.416933332977
771251.37,730636.8560333338,40614.513966666185
705962.63,730690.1954333333,24727.56543333328
8271.57,8617.638561904772,346.06856190477265
69650.98,74689.76403333335,5038.784033333359
254793.72,229975.09663333322,24818.623366666783
395631.38,377915.1384333343,17716.241566665703
162236.82,158987.30593333315,3249.5140666668594
776290.66,701027.2456000005,75263.41439999954
328959.53,290602.5096333332,38357.02036666684
189161.9,205190.5487333333,16028.648733333306
189499.69,178642.78196666687,10856.908033333137
198324.0,216006.87850000002,17682.87850000002
679514.0,762537.2445000007,83023.24450000073
278822.0,318606.8804472222,39784.88044722221
196116.0,222291.00843333307,26175.008433333074
274285.0,260163.13413333325,14121.865866666747
879685.0,851747.1042666667,27937.89573333331
577964.0,503939.4887999995,74024.51120000047
375591.0,343339.4522333328,32251.54776666721
189423.0,186924.01751666662,2498.982483333384
10092.0,9442.252170238093,649.7478297619073
7468.0,7896.346199999996,428.3461999999963
6075.0,4629.915359999999,1445.084640000001
31322.01,44894.42463333337,13572.414633333374
30006.2,40108.214400000026,10102.014400000025
35774.06,40334.31430000014,4560.254300000139
12308.92,13257.83399071066,948.9139907106601
22694.82,27264.799900000107,4569.979900000108
9825.11,11592.25326666664,1767.1432666666387
107589.45,125341.39373333335,17751.943733333348
108007.15,87957.18513333333,20049.96486666666
51025.45,57262.91119999995,6237.461199999954
26084.14,26076.361600000113,7.77839999988646
176541.14,199829.01816666676,23287.87816666675
50190.35,60566.07753333324,10375.727533333244
105650.43,104772.34193333297,878.0880666670273
31303.8,35717.21416666667,4413.414166666673
42280.23,42545.45273333338,265.22273333337944
70329.98,108974.70701904755,38644.727019047554
34799.49,36644.522066666665,1845.0320666666667
24485.61,28587.057833333427,4101.447833333426
9196.41,10747.348399999988,1550.9383999999882
64252.13,78046.30903333337,13794.17903333337
106899.75,122623.45063333328,15723.700633333283
61456.23,92839.19069999996,31382.96069999996
341.46,369.3201722222218,27.86017222222182
121995.0,198273.0233666665,76278.02336666649
22642.0,32280.982600000047,9638.982600000047
28108.0,33078.21210000002,4970.212100000019
91856.74,134211.92674444424,42355.18674444423
192786.24,302800.1336361104,110013.89363611041
68724.35,77251.22786388895,8526.877863888949
245195.57,358884.85263333353,113689.28263333353
134652.55,148030.9513666665,13378.401366666512
56610.73,68523.57611666663,11912.846116666631
97018.84,107393.7682666666,10374.928266666597
23162.39,31583.276000000027,8420.886000000028
190762.02,284507.10995727516,93745.08995727517
131585.88,123691.85786666659,7894.022133333419
52553.08,46326.38250000007,6226.697499999929
169163.19,252989.34059999997,83826.15059999996
120730.76,103771.77196666648,16958.988033333517
129050.5,148812.2478499998,19761.74784999981
58463.58,45799.09100000003,12664.488999999972
39429.0,42406.1421666666,2977.142166666599
4932.7,7859.9283111111,2927.2283111111
16758.68,17918.802800000012,1160.122800000012
85828.32,83307.8541333333,2520.465866666709
1349.64,3101.467919047618,1751.827919047618
153537.87,194567.09511666698,41029.22511666699
79292.4,79850.51133333331,558.1113333333196
113212.0,127970.29518888866,14758.29518888866
166001.0,213598.16691111104,47597.16691111104
109314.0,122352.6960555554,13038.696055555396
58749.0,69358.51546666666,10609.515466666664
3405.0,3533.481839999995,128.48183999999492
58328.72,67668.06083333328,9339.340833333277
6179.34,6468.223800000014,288.88380000001416
62279.04,74823.20589999993,12544.165899999927
8004.07,12503.016129722202,4498.946129722202
44597.55,73352.59054166666,28755.04054166666
223423.31,193613.54786666634,29809.762133333657
60366.46,94849.66519999994,34483.205199999946
7007.37,10848.578366666648,3841.2083666666485
1736.31,1790.4711266666677,54.16112666666777
73179.37,112360.1637333332,39180.79373333321
1422.66,3184.8036100000004,1762.1436100000003
894.55,1202.4799466666673,307.9299466666673
6897.39,10124.858600000007,3227.4686000000065
442.56,524.0993333333324,81.53933333333242
730.86,731.4081873015867,0.5481873015867222
20367.18,21610.808533333337,1243.6285333333362
149428.47,208406.25096666656,58977.780966666556
7101.23,6330.038037499999,771.191962500001
7494.46,9436.235766666661,1941.7757666666612
796.39,821.3165666666665,24.92656666666653
40081.48,42327.90763333332,2246.427633333318
100360.63,117744.66626666658,17384.036266666575
12850.97,15088.628333333336,2237.6583333333365
19422.59,23409.5244333334,3986.934433333401
185.1,226.757626666667,41.657626666667
121202.53,147381.96869999994,26179.43869999994
342.92,390.4283162962962,47.50831629629619
52365.75,50980.68586666665,1385.0641333333479
419.57,418.20801067821117,1.3619893217888261
8651.61,7025.334266666683,1626.2757333333175
51972.06,49272.46003333326,2699.5999666667412
2021.46,1160.1744866666647,861.2855133333353
22364.87,20251.874233333354,2112.995766666645
354.13,413.4634579797986,59.333457979798595
352.88,355.18972983165014,2.309729831650145
302.1,377.39408777777834,75.29408777777832
28608.94,32385.109966666656,3776.1699666666573
681.92,866.4279666666661,184.5079666666661
125.69,206.77569642857154,81.08569642857154
9280.84,7382.657800000009,1898.182199999991
47581.0,60309.99983333334,12728.999833333342
1376.35,1203.9477666666646,172.4022333333353
52.1,56.17638416666671,4.076384166666706
6564.07,6027.798766666677,536.2712333333229
13835.77,9095.125399999979,4740.6446000000215
61.96,65.1173230555556,3.157323055555601
6565.84,6600.474000000004,34.63400000000365
10095.87,11295.382739722245,1199.512739722244
11932.59,11255.130056965816,677.4599430341841
25.12,24.196522499999972,0.923477500000029
7270.0,5202.212199999991,2067.787800000009
876.41,1956.149366666665,1079.7393666666649
641.0,495.67599999999936,145.32400000000064
66.03,71.42580833333334,5.395808333333335
25.36,29.198885555555524,3.8388855555555246
155711.37,134754.36393333325,20957.00606666674
268374.79,241333.80220000024,27040.98779999974
59142.33,72653.9622333333,13511.632233333294
265878.24,211934.98389999947,53943.25610000052
61822.68,65557.30919999999,3734.6291999999885
246840.77,285431.6492190481,38590.8792190481
30670.11,29238.465633333293,1431.6443666667074
489447.65,553002.3618333341,63554.71183333406
82234.55,86683.55734166692,4449.007341666918
62295.74,55965.819633333245,6329.920366666753
128674.92,117488.86113333334,11186.058866666659
137096.53,128933.75723333361,8162.772766666385
147163.03,127878.40173333324,19284.628266666754
72390.72,79972.64196666674,7581.921966666734
45954.48,53262.82420000007,7308.344200000065
29992.75,30319.75243333328,327.00243333328035
63045.97,70348.20536666682,7302.2353666668205
135017.18,132945.5949666666,2071.5850333333947
2716.27,3038.6292466666655,322.3592466666655
29403.78,29199.889599999966,203.89040000003297
193.77,339.21430531746046,145.44430531746045
2.49,2.1961333333333304,0.29386666666666983
0.33,0.6850666666666676,0.3550666666666676
0.43,0.5885666666666669,0.1585666666666669
174.64,585.2569000000001,410.6169000000001
400.47,325.9245888888894,74.54541111111064
861.53,840.9728200000002,20.55717999999979
847.0,3023.6711999999993,2176.6711999999993
138.34,198.9438602777777,60.6038602777777
692.6,712.8021999999997,20.20219999999972
121.88,166.95012527777777,45.07012527777778
186.91,212.75517222222226,25.84517222222226
206371.98,216058.9235666662,9686.943566666188
56400.51,57910.19343333335,1509.6834333333463
13834.46,13132.530191666641,701.9298083333579
287481.06,317499.25704404793,30018.197044047934
67423.01,61905.525544444434,5517.484455555561
16565.06,15995.103941666677,569.9560583333241
380811.93,361327.4346999996,19484.495300000417
321374.08,294809.2310458332,26564.84895416681
221993.37,236828.88279999932,14835.512799999327
70871.26,69488.36533333332,1382.8946666666743
16358.12,15577.484816666665,780.6351833333356
13172.38,14018.190099999989,845.8100999999897
204686.33,205744.77646666614,1058.4464666661515
51657.0,55754.74545000003,4097.745450000031
241115.0,260003.05566666657,18888.055666666565
374.0,505.96573333333384,131.96573333333384
20.93,24.18570722222223,3.255707222222231
81.42,69.20216666666661,12.217833333333388
242937.03,267859.0418666668,24922.011866666813
139711.18,127963.18571111113,11747.994288888862
297678.07,301046.1981815478,3368.1281815477996
536049.61,514656.2185666664,21393.39143333357
296664.27,326953.1325333331,30288.86253333307
105582.74,138972.85559999998,33390.115599999976
13738.18,13736.92873333332,1.251266666680749
6296.13,4784.128799999992,1512.0012000000079
21110.44,16184.126849999995,4926.313150000004
203200.06,252232.2222333334,49032.162233333394
113189.97,120165.79663333319,6975.826633333185
20288.32,15566.974350000015,4721.345649999985
249681.09,278879.8344333337,29198.74443333372
129809.55,129737.62151111121,71.92848888879234
569842.94,732496.478266668,162653.5382666681
251809.8,280177.6582430163,28367.858243016293
160422.71,200990.96970000002,40568.259700000024
244490.69,216538.8342666671,27951.855733332894
13055.81,13880.798883333326,824.9888833333262
127705.17,121046.52043333322,6658.649566666776
669203.75,779132.2078000014,109928.45780000137
480001.67,491443.3573333329,11441.687333332899
83573.95,82037.9149,1536.0350999999937
18962.26,16043.331216666695,2918.9287833333037
112369.69,119975.95333333341,7606.263333333409
40316.69,42456.39665333328,2139.7066533332763
6425.68,7638.519000000011,1212.8390000000109
638815.52,810424.6073000006,171609.0873000006
229196.23,208182.1704666665,21014.059533333522
86316.43,99445.37163333339,13128.941633333394
3856.8,4888.819856666666,1032.0198566666659
47619.54,55320.76949999989,7701.229499999892
95001.43,99566.74650000004,4565.3165000000445
14687.42,12916.783016666652,1770.6369833333483
8201.0,9821.978366666672,1620.9783666666717
137019.0,166708.22962948735,29689.229629487352
186929.0,199553.47092222222,12624.470922222215
126590.0,137890.27716666684,11300.277166666841
595823.0,540866.545333332,54956.45466666797
37908.0,45331.54513333341,7423.545133333413
5.03,4.238686666666661,0.7913133333333393
738.0,763.1543666666656,25.154366666665624
835.73,773.910811111111,61.819188888889016
9.03,12.940419999999996,3.9104199999999967
603.46,518.0881166666661,85.37188333333393
632.18,581.8292999999993,50.35070000000064
112.33,123.11226666666661,10.782266666666615
67.0,71.21349000000005,4.21349000000005
263.44,204.61908444444416,58.82091555555584
4.78,4.408126666666665,0.37187333333333505
1.65,0.9311333333333335,0.7188666666666664
118.15,139.4687833333334,21.318783333333386
1.29,0.8262000000000013,0.46379999999999877
38.13,30.733035555555514,7.396964444444489
318.46,364.07734999999997,45.61734999999999
182.0,193.1370999999996,11.137099999999606
514.36,755.4633333333342,241.10333333333415
469.93,781.688966666667,311.75896666666705
638198.79,513267.2030666672,124931.58693333284
16929.87,16210.558631111116,719.3113688888825
83125.84,92075.25829999991,8949.418299999918
9001.03,6721.116066666683,2279.913933333318
525218.03,519514.93083333294,5703.099166667089
10301.44,11337.963912499998,1036.523912499997
39687.3,45178.45715333333,5491.157153333326
12304.47,13315.9726972739,1011.5026972739015
50707.62,58930.05378888894,8222.433788888935
25464.72,31606.02443333329,6141.304433333287
11975.52,13862.882463333308,1887.3624633333075
158.9,152.1134953174602,6.7865046825398
578805.35,531940.5602,46864.78980000003
116076.29,89546.22313333316,26530.066866666835
948088.97,915859.663199998,32229.306800002
26454.98,31401.414066666664,4946.434066666665
18654.25,18677.030866666708,22.78086666670788
82954.0,78529.68940000003,4424.310599999968
77206.0,75429.97143333344,1776.0285666665586
923413.0,811955.0683333343,111457.93166666571
10873.0,12133.510132010577,1260.5101320105769
862.0,597.818426190475,264.18157380952505
472.65,419.363101547619,53.28689845238097
31674.09,50373.674566666676,18699.584566666676
58368.73,53771.518466666676,4597.211533333328
128293.57,136433.20982499988,8139.639824999875
23824.5,34427.92760000002,10603.427600000017
48851.51,48712.53826666668,138.97173333332466
5980.75,6467.971499999999,487.22149999999874
19432.3,19244.59930000002,187.7006999999794
90857.69,86611.78740000018,4245.902599999827
56389.69,62075.75546666678,5686.065466666776
37103.35,43154.42203333341,6051.07203333341
426.9,422.2730711111111,4.6269288888888696
7869.63,6537.832966666673,1331.797033333327
36559.9,39770.60216666669,3210.7021666666915
122554.37,105761.95153333325,16792.418466666742
30378.06,32146.564933333404,1768.5049333334027
69828.73,59224.7797333333,10603.950266666696
323107.61,298843.12472777837,24264.485272221616
49513.29,61873.148833333464,12359.858833333463
4476.81,4456.713086666671,20.096913333329212
26328.75,34769.94029999999,8441.190299999987
12065.71,10547.40499999999,1518.3050000000094
5318.98,4756.973473333335,562.0065266666643
7395.93,6501.175833333345,894.7541666666557
48181.74,52784.15306666677,4602.41306666677
65692.71,47318.29927499995,18374.41072500006
143008.93,133828.253235714,9180.676764286007
348.41,368.2074888888889,19.797488888888893
11490.47,10448.822599999994,1041.6474000000053
17769.03,14858.618599999987,2910.411400000012
91188.83,86709.39096666675,4479.439033333256
110901.56,92089.68890833325,18811.871091666748
119871.01,128023.79714999994,8152.7871499999455
43183.46,39295.28023333333,3888.179766666668
302038.88,308230.63544888934,6191.755448889337
5673.07,4867.310173333343,805.7598266666564
98207.86,85511.0292666666,12696.830733333394
47940.19,51958.55043333344,4018.360433333437
96707.62,81581.38410000004,15126.235899999956
120291.33,130055.27956666666,9763.949566666663
6926.07,5588.51216666666,1337.5578333333397
4918.38,5108.084923333346,189.7049233333455
66668.0,96451.1820333331,29783.182033333098
117257.0,114523.2568333332,2733.743166666798
94965.0,97653.21120000002,2688.2112000000197
94568.0,99715.88966666657,5147.889666666568
20200.91,22252.962133333287,2052.052133333287
68651.03,64662.94090000006,3988.089099999939
30429.76,25574.042400000024,4855.7175999999745
232540.64,196780.3181358796,35760.3218641204
166766.79,152371.21538888876,14395.574611111253
28778.99,32002.91636666666,3223.9263666666593
43980.43,44497.66380000003,517.2338000000309
24583.49,25623.725133333384,1040.2351333333827
72980.53,56285.653299999896,16694.876700000103
69.88,64.92475925925926,4.955240740740734
10342.2,11873.854766666653,1531.654766666652
66956.46,59235.14613333334,7721.313866666664
246564.18,211043.8872333333,35520.29276666668
68823.14,52090.58196666673,16732.55803333327
70062.57,71934.01186666677,1871.4418666667625
2132.65,1816.8769999999984,315.77300000000173
86.9,78.64558703703696,8.254412962963045
16728.21,21491.241733333325,4763.031733333326
44839.8,44332.16455416665,507.6354458333517
203344.76,201830.84636666658,1513.9136333334318
72985.18,60279.73470000004,12705.445299999956
69164.58,67376.27585555558,1788.3041444444243
41056.31,40694.1675430556,362.1424569443989
1739.39,1713.1112666666659,26.27873333333423
6364.37,7535.773499999992,1171.4034999999922
11648.15,18915.142033333323,7266.992033333323
130151.43,126824.17298888907,3327.2570111109235
63136.39,61274.27933333338,1862.1106666666165
137057.19,116209.57986666674,20847.610133333263
32185.63,31392.197400000015,793.4325999999855
1715.62,1517.5796333333346,198.04036666666525
72.97,70.35444592592583,2.6155540740741685
9899.07,10161.299133333316,262.229133333316
22042.94,22195.78546666662,152.8454666666221
46345.03,49795.249499999954,3450.2194999999556
152831.03,157702.89296666646,4871.862966666464
53843.97,43161.381887500014,10682.588112499987
124.77,91.80284666666658,32.967153333333414
23304.21,26726.209833333323,3421.999833333324
1809.06,2383.716690000003,574.656690000003
16301.49,16852.38079999998,550.890799999981
67942.01,56861.74269999997,11080.267300000021
178318.81,186427.4211822225,8108.611182222492
344303.81,327566.5281666663,16737.28183333372
22961.01,20981.114533333366,1979.8954666666323
71172.21,74596.33910000011,3424.1291000001074
47494.0,43622.50438749996,3871.495612500039
79429.0,63266.251333333305,16162.748666666695
96205.0,70777.86616666663,25427.13383333337
704.0,715.5547666666657,11.554766666665728
67784.78,60127.01156666665,7657.7684333333455
444025.8,402005.86746666644,42019.932533333544
3087.95,2801.2908133333403,286.6591866666595
55987.47,55929.756766666695,57.71323333330656
298677.72,299402.0013666669,724.2813666669535
409149.71,419225.0711666669,10075.361166666902
58898.59,56424.94176666676,2473.6482333332387
552983.0,598151.9450999993,45168.94509999931
1025.0,702.596816666667,322.403183333333
55.559,55.436555666666756,0.12244433333324167
32.764,42.539494444444365,9.775494444444362
17.611,20.923951666666692,3.3129516666666916
26.004,27.766937444444395,1.7629374444443933
44.508,52.9243233333335,8.416323333333494
59.492,60.11305444444444,0.6210544444444395
30.209,40.62181177777777,10.412811777777772
37.105,28.73473591666662,8.370264083333378
15.701,19.11519833333334,3.4141983333333386
49.274,45.25304444444438,4.020955555555624
35.899,43.933636666666715,8.034636666666714
31.371,28.03054602777779,3.3404539722222104
44.297,50.64036666666675,6.343366666666753
18.223,18.451847777777836,0.22884777777783682
190.8,161.8523333333338,28.94766666666621
218.75,160.5544686507936,58.19553134920639
260.98,192.3775853174602,68.60241468253983
158.68,123.43276666666677,35.24723333333324
300.0,174.77545833333326,125.22454166666674
449584.54,440677.76443333447,8906.775566665514
314443.94,271752.8596800005,42691.080319999484
170934.99,176285.58310000013,5350.593100000144
420.38,473.8901833333332,53.5101833333332
8244.51,6885.757166666648,1358.752833333352
307860.89,302621.16000861913,5239.729991380882
641804.29,638499.7254999995,3304.5645000005607
441241.69,468896.5424333322,27654.852433332184
219953.32,265228.9422333335,45275.62223333347
549639.74,538385.518733334,11254.221266665962
158988.38,163847.90728888861,4859.52728888861
304.28,292.57503333333295,11.70496666666702
28744.69,25278.205200000022,3466.4847999999765
521459.25,495430.84383333335,26028.406166666653
277156.28,285633.77570000035,8477.49570000032
424913.9,442335.3428333339,17421.44283333386
444358.24,366074.6035333327,78283.63646666729
164640.49,146204.6359666665,18435.854033333482
14532.67,13371.069566666694,1161.6004333333058
320330.73,295742.09817142837,24588.63182857161
464730.69,475522.9074000005,10792.217400000489
1319623.64,1353335.2764333372,33711.63643333735
1244.61,881.2535666666666,363.35643333333326
442.71,442.0160166666669,0.6939833333330512
430961.73,422371.4422000007,8590.287799999292
277583.76,266295.9111666664,11287.848833333584
494699.98,485107.0289999996,9592.951000000408
555747.09,543721.3098666661,12025.780133333872
13254.34,11462.583466666665,1791.756533333335
31271.18,31023.268633333344,247.91136666665625
512391.58,506282.55870000046,6109.0212999995565
453787.94,410291.77616666607,43496.163833333936
495878.2,466170.3417333332,29707.858266666823
497339.49,507179.60723333346,9840.117233333469
454937.51,395507.51229999907,59429.99770000094
236248.23,232843.8380000001,3404.3919999999052
223427.76,259195.38083333347,35767.620833333465
6547.7,4538.277493333336,2009.422506666664
28913.8,24301.281725,4612.5182749999985
345984.0,305969.97429212555,40014.02570787445
331255.0,268928.2060666669,62326.79393333307
568548.0,498510.9632666665,70037.03673333349
1583262.0,1378346.5581000051,204915.44189999485
1194712.0,1152256.6360666666,42455.36393333343
215065.0,173176.95400000017,41888.04599999983
160944.0,143472.17196666644,17471.828033333557
6978.0,6291.1681233333475,686.8318766666525
897.0,768.0046555555563,128.99534444444373
793265.2,672497.2457333336,120767.95426666632
291349.5,301274.98154333286,9925.481543332862
697786.82,646488.8686333345,51297.951366665424
165665.71,197319.0126999998,31653.302699999796
215128.23,273276.06663333345,58147.83663333344
3242.79,3065.049299999999,177.74070000000074
70558.54,77914.79363333329,7356.253633333297
531612.56,535491.5298000008,3878.9698000007775
154914.72,165059.6540000003,10144.9340000003
304616.52,345195.74903333344,40579.229033333424
3594.51,3574.778800000005,19.73119999999517
290756.37,262534.9786461039,28221.39135389612
481295.66,502337.7406666664,21042.080666666443
162337.1,140891.73483333306,21445.365166666947
76704.57,56337.99863333336,20366.57136666665
241.94,217.0196733333333,24.92032666666671
22854.56,16622.869766666663,6231.690233333338
108444.53,85806.48680000013,22638.04319999987
67478.55,69758.11543333331,2279.5654333333077
169583.59,178713.13963333308,9129.549633333081
286152.12,305791.10603719077,19638.98603719077
387733.09,361846.1376666662,25886.952333333844
743073.56,667240.0718666661,75833.48813333397
483976.74,532045.1575333336,48068.417533333646
171357.49,155324.6537666665,16032.83623333348
180.11,211.14955666666663,31.039556666666613
3401.4,3451.1641666666796,49.76416666667956
7332.35,7429.488333333308,97.13833333330786
424840.1,414173.1732666664,10666.92673333356
481758.33,539010.6473333339,57252.317333333835
137763.91,141046.91061111074,3283.000611110736
161073.29,166586.86513333322,5513.5751333332155
164951.88,192695.15190625002,27743.27190625001
135.08,183.09426666666678,48.01426666666677
3382.08,2932.737163333341,449.34283666665897
15201.27,14425.934327777773,775.335672222227
96637.48,95516.2626666671,1121.2173333328974
160694.62,172445.41490000003,11750.794900000037
353911.22,380690.19296666695,26778.972966666974
348736.08,279954.10047333466,68781.97952666535
376431.03,386845.6964999996,10414.666499999585
143193.67,139135.46683333322,4058.20316666679
158931.43,159405.67736666658,474.2473666665901
157.57,143.88463333333323,13.685366666666766
15925.58,13470.699049999983,2454.880950000017
3181.05,2350.717123333332,830.3328766666682
151779.3,161680.73526666642,9901.435266666434
732281.33,667587.7334000003,64693.5965999997
595405.86,551702.0113666668,43703.848633333226
163.78,188.64963333333338,24.869633333333383
4012.62,3600.452746666677,412.16725333332306
8803.8,7768.026999999986,1035.7730000000129
278014.0,271976.402694041,6037.597305958974
310539.0,298756.7444719046,11782.255528095411
164523.0,165309.34683333337,786.3468333333731
690388.0,626604.2489333327,63783.75106666726
176533.0,187644.35670625002,11111.356706250022
55050.0,48935.34270000007,6114.6572999999335
120335.0,120929.92403333321,594.9240333332127
177242.0,185228.3219666667,7986.321966666699
453077.0,472926.2746666657,19849.274666665704
514528.78,477905.92083333334,36622.85916666669
175555.17,151655.48493333338,23899.68506666663
302466.49,279075.09163333324,23391.39836666675
248200.92,196194.90843333284,52006.01156666718
289458.37,276628.85230000044,12829.51769999956
243711.73,211018.17986666606,32693.55013333395
8485.37,7565.561533333325,919.8084666666755
167665.54,157336.6055333336,10328.934466666396
234788.11,187913.05613333327,46875.05386666671
156219.52,168230.3758333333,12010.855833333306
91313.32,100584.85873333341,9271.538733333407
186090.84,189133.47763333275,3042.63763333275
6084.58,5156.7226133333415,927.8573866666584
5031.1,5104.646366666677,73.54636666667648
377333.2,371762.17423333385,5571.025766666164
590263.37,648575.7542333332,58312.38423333317
470832.63,475485.1577666659,4652.527766665909
261018.48,299453.97424333275,38435.49424333274
272936.27,277593.78056666657,4657.510566666548
312686.37,318264.9889208334,5578.618920833396
309053.07,268675.54736666713,40377.522633332876
407716.63,393266.2791000001,14450.350899999903
4988.4,4909.947786666665,78.45221333333484
151157.12,149512.7655666666,1644.3544333333848
786475.65,773192.9346666672,13282.715333332773
792662.09,822164.8646333346,29502.7746333346
9832.67,9566.36893333334,266.3010666666596
215482.79,196023.69739999986,19459.09260000015
704288.94,729065.0694666678,24776.129466667888
5032.96,5205.651543333336,172.69154333333609
235502.11,228819.7201999994,6682.389800000587
308646.08,306067.72172499995,2578.358275000064
616725.77,642076.8340333323,25351.06403333228
201044.34,217494.41953333272,16450.079533332726
798704.85,813951.3249000006,15246.474900000612
167191.35,189950.54876666688,22759.198766666872
104859.35,92769.47536666687,12089.874633333136
277354.51,278725.8828,1371.372800000012
437458.25,418573.8227999997,18884.427200000326
101501.42,103402.36640000006,1900.946400000059
12610.42,12119.597061111122,490.8229388888776
158029.0,144403.72116666648,13625.27883333352
453636.0,433263.0022666666,20372.99773333338
308221.0,293346.1421956707,14874.85780432931
68460.67,91515.67073333326,23055.00073333326
92895.48,123081.43673333315,30185.95673333315
32388.01,50106.86316666669,17718.853166666693
32975.61,32158.032600000017,817.5773999999838
11691.74,14334.77856666665,2643.03856666665
70116.03,76922.46733333328,6806.437333333277
65968.8,87901.95626666654,21933.15626666654
23345.99,27213.710633333336,3867.7206333333343
9486.57,10003.290966666653,516.7209666666531
29270.04,30562.943033333402,1292.9030333334013
7952.03,9673.397033333322,1721.367033333322
12166.26,12118.059960459439,48.20003954056119
17793.3,20084.246133333334,2290.9461333333347
63063.54,76612.04446666651,13548.504466666513
7891.77,8421.286699999995,529.5166999999947
205501.0,314036.9334333336,108535.93343333359
46087.0,71922.17093333339,25835.170933333386
81786.0,122495.56610000004,40709.56610000004
82996.0,91975.86213333342,8979.862133333416
58102.0,75826.38583333322,17724.385833333217
13158.0,15534.858899999972,2376.858899999972
40204.92,45936.868666666705,5731.948666666707
192786.24,296728.6330547619,103942.39305476192
153342.35,189160.24706445105,35817.89706445104
145296.04,140542.34396666632,4753.69603333369
5128.24,7158.2763916666545,2030.0363916666547
245195.57,415220.1717000012,170024.60170000122
19923.66,22889.391499999998,2965.731499999998
6111.35,8089.597600000004,1978.2476000000033
190762.02,242074.84586666702,51312.82586666703
73487.24,87369.30666666651,13882.066666666506
54341.6,55062.524233333424,720.924233333426
3078.86,3269.4445033333363,190.58450333333622
52839.26,66486.97326666658,13647.713266666578
188249.94,296070.9319958333,107820.99199583329
108484.63,121419.71515,12935.085149999999
59184.43,60349.359933333406,1164.9299333334056
39071.33,47244.27693333339,8172.946933333391
4687.07,4776.952389999994,89.8823899999943
153537.87,224934.46396666655,71396.59396666655
93771.77,95823.1923333332,2051.42233333319
60795.25,60220.695200000104,574.5547999998962
39007.13,45328.4556333333,6321.325633333305
7376.23,8879.216,1502.9860000000008
92711.0,94449.10179999984,1738.101799999844
42221.0,49166.1745916667,6945.174591666699
2165.74,3760.833473333331,1595.093473333331
14061.89,13659.257399999988,402.63260000001173
2891.94,6277.094733333345,3385.154733333345
15171.14,14049.437391666646,1121.702608333353
9870.26,14204.195666666677,4333.935666666677
48572.83,69068.67923333337,20495.84923333337
476.77,414.18115083333356,62.58884916666642
29160.84,44412.761066666746,15251.921066666746
30994.22,42951.1022666668,11956.882266666798
85923.18,94173.04666666649,8249.866666666494
568.9,670.7675522222214,101.86755222222143
2184.04,2454.155426666665,270.1154266666649
26098.98,41428.10248750001,15329.122487500008
137516.69,206652.11776666637,69135.42776666637
6108.75,7567.990583333336,1459.240583333336
1045.85,1927.6816400000012,881.8316400000012
1068.0,980.4557466666674,87.54425333333256
115188.0,126489.39880000008,11301.398800000083
1076.0,1113.0622899999978,37.0622899999978
40889.0,48404.33503333336,7515.335033333358
24310.0,20726.258366666683,3583.7416333333167
4.0,2.472836666666664,1.5271633333333359
1089.61,1260.2523999999983,170.64239999999836
48251.88,50666.97413333345,2415.094133333456
7212.12,7429.702800000015,217.5828000000147
110940.44,164818.96299999996,53878.52299999996
1081.75,1439.4453433333308,357.6953433333308
115103.82,127648.07065555535,12544.250655555341
45100.57,57150.17416666675,12049.604166666752
52886.67,41647.48993333342,11239.18006666658
48133.9,52748.96976666669,4615.069766666689
5286.0,6510.966866666659,1224.9668666666594
15165.0,16838.312883333347,1673.3128833333467
8230.39,10110.573799999993,1880.1837999999934
12610.09,15283.219258333342,2673.1292583333416
61.6,68.77069555555558,7.170695555555575
5061.43,5448.424066666675,386.99406666667437
7989.3,8366.096466666671,376.7964666666712
295.38,346.1362230555559,50.75622305555589
459.0,421.72063333333347,37.27936666666653
31.0,46.52269722222216,15.522697222222163
310.07,386.1676810714292,76.09768107142918
284.05,399.74778111111107,115.69778111111106
373.35,338.18518333333316,35.164816666666866
102.13,119.86970952380948,17.73970952380948
287.3,372.00791172771665,84.70791172771663
151.66,183.33393518518454,31.673935185184547
184.07,198.94880740740726,14.878807407407265
95255.86,87382.37290000007,7873.487099999926
25189.74,27046.580949999978,1856.8409499999761
121750.98,124957.58394999993,3206.6039499999315
2318.24,2190.7334666666643,127.50653333333548
57093.19,65441.51206666667,8348.322066666668
148158.63,130350.86200793622,17807.76799206379
75751.91,77602.5770333335,1850.6670333334914
74260.22,79101.12153333347,4840.901533333468
24205.52,26047.659133333324,1842.1391333333231
62802.09,64532.82373333334,1730.7337333333417
100985.27,106049.20013333354,5063.930133333532
130558.89,132051.5208333337,1492.6308333336929
29297.35,29286.13326666664,11.216733333360025
608009.47,642189.9188000013,34180.44880000129
60121.34,53187.87509999998,6933.464900000014
63178.9,67567.77746666661,4388.877466666607
375139.71,401302.36833333323,26162.65833333321
460853.0,402440.15633333335,58412.84366666665
694734.0,705723.4246000004,10989.424600000377
157354.0,156234.1256666666,1119.8743333333987
282558.0,254042.45122916735,28515.548770832655
8.28,8.430293333333331,0.15029333333333206
0.43,0.5174000000000004,0.08740000000000042
885.6,720.3144311111103,165.28556888888977
375.09,409.48804888888895,34.39804888888898
13.38,14.643476666666675,1.2634766666666746
29.94,43.351712777777784,13.411712777777783
3.09,2.3005599999999973,0.7894400000000026
271.0,408.35624698412727,137.35624698412727
81.0,71.57164722222224,9.42835277777776
29140.12,31761.052566666665,2620.9325666666664
16224.24,14732.946866666674,1491.2931333333254
15658.14,14237.381200000007,1420.7587999999923
12947.59,14823.85601103173,1876.2660110317302
265688.51,285445.52914583316,19757.019145833154
59112.05,58426.3043333333,685.7456666667058
357912.91,366541.4502666669,8628.54026666691
250214.48,251695.57306666698,1481.0930666669738
373219.71,392995.5077666667,19775.797766666685
241781.21,218632.04340000023,23149.166599999764
183284.54,179659.27545999966,3625.264540000353
67935.12,66706.55160000002,1228.5683999999746
249268.61,252457.39126666705,3188.781266667065
122867.01,126068.38660000007,3201.376600000076
254291.36,240842.29936666688,13449.060633333109
12601.78,12410.356126666651,191.42387333334955
424529.0,389429.07903333387,35099.92096666613
154101.0,157883.0383333334,3782.0383333333884
76626.0,73716.6971333334,2909.302866666607
962.89,830.7340500000001,132.15594999999985
764.66,770.7666666666657,6.106666666665774
833.23,1027.0422666666664,193.81226666666635
522.65,560.9774655555548,38.327465555554795
346.39,445.1751999999996,98.78519999999963
6.0,7.897653333333324,1.8976533333333236
27.0,27.377891111111083,0.377891111111083
236789.59,213626.72833333342,23162.861666666577
267950.2,269924.3960000007,1974.1960000006948
603283.52,562266.584233333,41016.93576666701
92463.56,101149.64643333334,8686.086433333345
199468.24,260580.93906666667,61112.69906666668
250984.77,279129.8894333335,28145.119433333486
117351.71,137543.8994000001,20192.189400000105
129810.28,118120.53186666663,11689.74813333337
267271.03,296455.93126666686,29184.901266666828
515011.95,519626.7726333338,4614.822633333795
589515.24,537197.8103333331,52317.429666666896
309844.13,305995.5183222223,3848.6116777777206
182731.65,219429.89756666665,36698.24756666666
218545.13,269036.6024333337,50491.47243333369
95885.26,102406.76900000003,6521.509000000035
771447.21,825850.149299998,54402.93929999799
516868.64,533821.3645999994,16952.724599999376
66749.76,72166.05586666665,5416.295866666653
10397.5,7366.1163666666625,3031.3836333333375
123599.16,111034.49876666669,12564.661233333318
264187.69,243146.60353333328,21041.08646666672
80409.25,85650.52753333317,5241.2775333331665
208838.17,204097.13479999988,4741.035200000129
127923.41,141667.7145055551,13744.304505555105
118394.01,111627.57486666659,6766.435133333405
144793.92,126312.62996666663,18481.290033333382
82973.84,85817.49359999983,2843.6535999998305
208866.69,192361.87363333398,16504.816366666026
219608.6,222473.14346666634,2864.543466666335
215957.87,215134.90980000008,822.960199999914
47147.1,47425.70559999999,278.60559999998804
126551.43,128849.07743333354,2297.64743333355
231655.61,255116.56836666717,23460.958366667182
483868.74,486278.69153333374,2409.9515333337476
194714.72,223931.2226999999,29216.502699999895
115610.02,126760.21606666704,11150.196066667035
193846.58,199685.91277962932,5839.332779629331
587729.75,702832.6643333343,115102.91433333431
280392.73,268727.34250000067,11665.387499999313
238901.89,220825.90686666622,18075.983133333793
14860.86,16673.85596666668,1812.99596666668
139485.0,125237.45743333323,14247.542566666772
258421.0,287654.0496366669,29233.049636666896
783762.0,818594.9959333334,34832.99593333341
257320.0,255245.47176666657,2074.5282333334326
10553.0,10518.362155555562,34.63784444443809
367.52,438.28456222222195,70.76456222222197
764.28,824.058033333333,59.77803333333304
27.0,24.88782500000001,2.11217499999999
661.34,611.2600555555551,50.07994444444489
2.14,4.708163333333318,2.568163333333318
23.42,27.45182513888886,4.031825138888859
492.54,504.0325544444437,11.49255444444367
334.87,408.07041666666674,73.20041666666674
16.7,15.685196666666679,1.0148033333333206
22.0,28.183130277777746,6.183130277777746
484123.06,547747.3069000009,63624.2469000009
84206.44,85585.25334444459,1378.8133444445848
24470.82,15972.818500000016,8498.001499999984
14881.78,14715.099933333317,166.68006666668407
103511.64,115219.23276666686,11707.592766666858
905845.79,989347.2730999986,83501.48309999856
575340.17,499987.47150000004,75352.6985
12735.42,13995.267166666674,1259.8471666666737
51866.22,53586.51400000006,1720.29400000006
157015.79,174049.36640000003,17033.57640000002
633627.74,548791.7002333339,84836.03976666613
137.53,146.7250380952385,9.195038095238488
8532.43,8615.700966666653,83.27096666665238
66001.95,68032.21445555564,2030.2644555556471
149202.8,152321.88923333332,3119.0892333333322
887255.63,1024932.2982666653,137676.6682666653
44654.28,39830.47262083339,4823.80737916661
574966.07,536614.2338000004,38351.836199999554
76856.01,82648.90526666667,5792.895266666674
16783.5,13609.938153703679,3173.561846296321
12471.86,11815.86152921245,655.9984707875501
14594.21,14623.37259999997,29.162599999970553
534586.78,533972.0852666667,614.6947333333082
74549.71,69741.15782222226,4808.552177777747
897427.6,991546.2482666665,94118.64826666657
701509.52,652303.8903666664,49205.62963333365
22573.26,30045.801733333337,7472.541733333339
13955.94,14315.131494059833,359.1914940598326
525899.56,480474.0735666676,45425.48643333244
68921.98,65345.96326666666,3576.0167333333375
47640.28,40157.79832083338,7482.481679166616
731587.52,637240.4469333332,94347.07306666684
25815.0,28755.61996666667,2940.619966666669
91517.0,84827.78329999995,6689.216700000048
19633.0,18834.550799999994,798.4492000000064
7390.0,6773.914566666641,616.0854333333591
91162.61,91305.42516666676,142.81516666675452
55539.11,46438.79103333337,9100.31896666663
25974.82,24207.880066666683,1766.9399333333167
24746.32,19354.599099999992,5391.7209000000075
129213.79,103108.65026666677,26105.139733333228
167543.64,178566.6703333332,11023.030333333183
59518.29,60913.33829999993,1395.0482999999294
47619.58,52507.65660000002,4888.076600000015
8675.96,12064.586041666667,3388.6260416666682
41930.98,50672.0701666667,8741.090166666698
110246.52,106975.35226666677,3271.1677333332336
58193.58,44230.60270000002,13962.977299999984
35311.46,32383.856666666692,2927.603333333307
624.4,620.2293733333331,4.1706266666668625
56125.53,55387.9532,737.5767999999953
52962.33,52923.08343333336,39.24656666663941
55660.79,51226.52160000007,4434.268399999928
125103.01,134302.58950952376,9199.57950952377
42388.81,42430.47266666668,41.662666666685254
331769.45,306161.5809514897,25607.86904851033
43037.79,47473.838700000066,4436.048700000065
29247.18,28373.841266666695,873.3387333333048
79223.04,89326.87036666658,10103.830366666589
6342.59,7433.293333333322,1090.703333333322
38311.52,43014.92560000006,4703.405600000064
8964.16,7414.490533333326,1549.6694666666735
124068.5,111151.89653333332,12916.603466666682
85067.43,77259.85123333319,7807.578766666804
32554.64,40359.91619999998,7805.276199999978
11518.35,12652.962377169322,1134.612377169322
217.1,164.43361666666638,52.66638333333361
11644.21,12123.618133333328,479.4081333333288
223288.0,260107.37786666685,36819.37786666685
93067.0,70151.92329999997,22915.076700000034
108718.0,113899.34826666665,5181.348266666653
5264.0,5043.107646666671,220.89235333332908
5430.41,3994.8508999999963,1435.5591000000036
174531.52,139210.97139999998,35320.54860000001
91836.92,68716.78770000004,23120.132299999954
2435.45,2358.018283333334,77.43171666666603
5157.95,5647.47575666665,489.5257566666505
2440.92,1924.8530333333304,516.0669666666697
28312.69,30876.23926666667,2563.5492666666723
70958.62,68895.76976666684,2062.850233333156
37457.89,34688.5492666667,2769.3407333333016
2378.24,2152.95288,225.28711999999996
53313.52,53480.04633333331,166.52633333331323
62990.6,57175.3606666666,5815.239333333397
10844.51,10688.94551333334,155.56448666666074
150400.84,132144.5038666666,18256.33613333339
2203.58,1283.330133333332,920.2498666666679
30288.69,33003.52743333339,2714.8374333333886
200097.22,189210.01770000017,10887.20229999983
323839.47,298163.0474774204,25676.422522579553
42784.33,46925.408999999934,4141.078999999932
108241.39,104147.3466333333,4094.043366666694
54313.59,54523.990577777775,210.40057777777838
133428.17,119807.54620000013,13620.623799999885
27701.99,25131.3504,2570.6396000000022
84438.5,65472.246725926,18966.253274074
9203.42,9241.250383333336,37.8303833333357
65264.23,62829.75446666675,2434.4755333332505
35701.39,43232.06153333333,7530.671533333334
114.8,145.80003333333337,31.000033333333377
24754.0,36994.13833333337,12240.138333333372
81123.0,69403.24023333332,11719.759766666684
165764.0,161188.6617999998,4575.338200000202
83.0,77.05027333333341,5.949726666666592
420047.03,364977.56953333254,55069.460466667486
348869.03,374487.9235999994,25618.89359999937
3496.82,3014.3253000000036,482.49469999999656
9751.86,8870.988333333333,880.8716666666678
4747.24,4077.7664866666696,669.4735133333302
434087.91,465984.705366666,31896.795366666047
379567.82,402911.870966666,23344.050966666022
327151.31,340409.3310000008,13258.021000000823
66960.58,52828.95358333334,14131.626416666659
290083.09,303431.9214899995,13348.831489999488
2708.06,1907.3283111111086,800.7316888888913
61045.0,56930.3621833334,4114.637816666604
41.113,42.73965416666653,1.6266541666665333
57.159,66.5801766666666,9.421176666666604
7.525,6.895263333333322,0.6297366666666786
16.27,14.518856666666615,1.7511433333333848
6.246,5.462289999999992,0.7837100000000081
23.38,28.317684912698375,4.937684912698376
5.81,5.404779999999985,0.405220000000015
4.818,5.311099999999981,0.49309999999998144
59.331,49.08053222222221,10.250467777777793
167.25,146.67526666666694,20.574733333333057
525859.03,579676.019766667,53816.989766667015
316212.98,288069.1780666666,28143.801933333394
552564.77,551671.6875333337,893.0824666663539
31610.43,29679.09610000004,1931.3338999999614
942932.04,865335.191100001,77596.84889999905
1090.79,1117.8236,27.03359999999998
3045.2,3186.7688000000044,141.56880000000456
282791.46,267768.7154666672,15022.744533332821
277317.9,248308.86846666678,29009.03153333324
307178.0,303482.5198333331,3695.480166666908
1363311.87,1427978.358633332,64666.48863333184
970759.74,966790.7582333352,3968.9817666647723
1087873.9,1069473.1600333324,18400.73996666749
504103.31,587993.626733333,83890.31673333299
152.26,178.4530000000005,26.193000000000495
28371.86,24804.382566666674,3567.477433333326
443319.91,441424.4808666677,1895.4291333322763
445909.19,457682.25106666615,11773.061066666152
1482255.86,1409341.500166664,72914.3598333362
1226880.08,1166472.1281666665,60407.95183333359
173.99,159.60726666666673,14.382733333333277
54233.66,42126.97933333327,12106.680666666733
283266.58,289794.3588611112,6527.778861111205
391379.69,392744.418733334,1364.7287333339918
299124.49,286549.01741666696,12575.47258333303
123.61,149.34155555555557,25.731555555555573
16187.08,14358.928800000005,1828.1511999999948
30.51,30.264946063492008,0.24505393650799334
31891.85,29440.692866666664,2451.157133333334
630847.78,606678.0002999997,24169.779700000305
353415.07,296150.4289333338,57264.64106666623
180397.1,164493.9169,15903.183099999995
416476.98,476478.0745999999,60001.094599999895
150.39,158.37999999999994,7.989999999999952
28913.8,20601.595966666664,8312.204033333335
1094781.0,1076698.793933332,18082.206066668034
500189.0,555222.9244333329,55033.92443333287
676.0,572.3485666666668,103.65143333333322
50779.0,33037.06049999999,17741.939500000008
75977.15,87439.6726333331,11462.522633333108
405213.97,365699.7369666661,39514.23303333385
339191.04,286395.5118159259,52795.52818407409
228865.76,207232.2483166666,21633.511683333403
184027.59,188751.68069999982,4724.090699999826
413741.64,402168.1845999996,11573.455400000443
8856.04,9830.985000000008,974.945000000007
210268.5,213343.7010666665,3075.2010666664864
267832.68,251535.31076666643,16297.369233333564
208566.2,179848.8683333334,28717.331666666607
666141.3,659429.9667666666,6711.333233333426
416313.45,325899.6884666653,90413.76153333473
793906.97,650735.3922999989,143171.57770000107
162633.11,148249.63210833332,14383.47789166667
371398.19,433425.5789000005,62027.388900000486
310778.15,244725.77306666726,66052.37693333277
258152.42,239812.35103333328,18340.06896666673
127344.23,154135.27953333335,26791.049533333353
592999.98,573312.2372333336,19687.742766666343
175730.59,173032.41433333314,2698.1756666668516
180668.1,184480.61439999976,3812.5143999997526
187139.81,210177.52776666684,23037.717766666843
942.03,824.2492999999992,117.78070000000082
7766.16,9390.800666666684,1624.6406666666844
739139.63,673873.8262999995,65265.80370000051
289997.96,283768.30041269877,6229.659587301256
258862.96,266832.254555556,7969.294555556
549004.67,540517.3954333332,8487.274566666805
185217.59,185737.4191666664,519.8291666664009
185622.0,209501.51610000015,23879.516100000154
409805.38,404916.1631333327,4889.216866667324
279100.57,278106.2718600003,994.2981399996788
66996.75,70739.21243333344,3742.462433333436
338083.63,330437.48466666724,7646.145333332766
308529.08,255580.1420666671,52948.93793333293
179211.77,177934.16383333344,1277.6061666665482
615685.96,553270.8871666673,62415.0728333327
130915.33,138182.35227777783,7267.022277777825
772488.96,645022.7248666666,127466.23513333336
404317.61,416719.17143333337,12401.56143333338
266578.42,228542.22593333348,38036.1940666665
187316.85,192322.1806383332,5005.330638333195
46499.41,43268.37636666672,3231.0336333332816
169539.43,199277.94823333327,29738.518233333278
651135.71,661142.0051000002,10006.295100000221
103082.48,94636.73196666692,8445.748033333075
59488.44,64480.77862592602,4992.338625926015
319661.43,235157.40920000008,84504.02079999991
259568.75,248964.73199999964,10604.01800000036
137256.42,138259.8917333334,1003.4717333333974
154736.31,125184.71073333357,29551.599266666424
419117.47,414498.54579999973,4618.924200000241
14209.65,13951.71069142856,257.93930857144005
3542.69,3004.243370000006,538.446629999994
61519.0,58229.55423333332,3289.4457666666785
604967.0,614741.9038666666,9774.903866666602
309316.0,332140.03790000064,22824.037900000636
248.0,249.61136666666712,1.6113666666671236
14996.0,14075.486605185186,920.5133948148141
89684.44,96620.16226666674,6935.722266666737
120574.63,123823.8544666668,3249.2244666667975
224178.63,212360.54569999923,11818.084300000774
395385.12,376397.0903000008,18988.0296999992
404953.1,380836.87193333305,24116.228066666925
746762.6,701517.0420333338,45245.55796666618
752513.4,758320.0032333323,5806.60323333228
114179.46,112039.62316666666,2139.836833333349
4871.29,4518.484026666671,352.80597333332935
5869.53,5096.000003333332,773.529996666668
322205.5,293586.63158629584,28618.868413704156
222837.82,209561.254333333,13276.565666667011
281072.26,269112.25794444437,11960.00205555564
283894.22,300606.63556666655,16712.415566666576
445253.86,404855.53549999994,40398.324500000046
269463.05,304496.0056666667,35032.955666666734
839724.43,774353.4025333327,65371.02746666735
367717.66,355422.5105666671,12295.149433332903
201620.0,206495.74806666654,4875.748066666536
159928.19,153190.46016666642,6737.729833333578
273358.61,260268.7188,13089.891199999984
295075.52,307432.55805743375,12357.038057433732
615697.87,688200.2929000005,72502.42290000047
513490.07,487791.82609999937,25698.24390000064
258951.46,284562.9490957144,25611.48909571438
190180.14,207174.51077333323,16994.370773333212
264950.78,260290.6375666669,4660.142433333123
379666.19,331484.4357000005,48181.754299999506
195323.29,207795.60291666634,12472.312916666328
221979.41,197218.4352511901,24760.97474880991
5793.3,4634.957886666663,1158.3421133333368
8304.59,8585.512966666669,280.9229666666688
271606.78,266510.80549999984,5095.974500000186
300829.01,304412.75882903556,3583.748829035554
238677.65,267213.98018055584,28536.330180555844
141628.0,124894.5057666669,16733.4942333331
903882.29,845406.5518666682,58475.73813333188
107648.71,97982.68216666662,9666.027833333384
5212.13,4492.748686666669,719.3813133333315
10771.15,10174.418000000005,596.7319999999945
11453.92,12280.915183333342,826.9951833333416
8117.31,7568.7943138888895,548.5156861111109
392994.08,376498.7361666672,16495.343833332823
183533.76,170543.27950000003,12990.480499999976
302890.75,292971.4234000001,9919.326599999913
501741.12,484019.6428333333,17721.477166666707
217810.48,220071.44289999967,2260.962899999664
8068.88,7816.7675999999965,252.11240000000362
4862.81,4538.171490000003,324.63850999999704
379244.91,363603.91300000076,15640.996999999217
171154.02,164801.00676666648,6353.013233333506
174072.2,164829.0080333331,9243.191966666898
623264.88,649075.7070666677,25810.827066667727
285714.44,244789.57909999977,40924.86090000023
342291.32,297503.61580000026,44787.704199999745
765703.53,711402.424033335,54301.10596666508
710527.18,708524.9332999988,2002.2467000012984
10496.65,9464.110033333338,1032.5399666666617
3449.63,2668.48972666667,781.1402733333302
441642.0,419418.9532999999,22223.046700000123
772571.0,762459.1834666672,10111.816533332807
879994.0,842508.7891000009,37485.21089999913
131369.0,129646.01020000014,1722.9897999998648
6068.0,5165.475393333325,902.524606666675
8243.0,7791.959999999994,451.04000000000633
3025.0,3114.828500000004,89.82850000000417
106176.5,119653.41273333314,13476.912733333142
74603.57,117958.11939999973,43354.54939999973
51581.62,84060.09453333331,32478.474533333305
103724.75,137516.2673333333,33791.51733333329
10648.42,11721.058029272463,1072.6380292724625
36251.8,50201.63676666673,13949.836766666725
102856.61,112475.03173333322,9618.42173333322
68060.52,88997.08070000017,20936.560700000162
85131.76,113203.5618999999,28071.801899999904
108845.74,142649.44890000002,33803.70890000001
24567.79,44991.38529999997,20423.59529999997
116454.98,159760.16566666655,43305.185666666555
31685.2,36799.996933333365,5114.796933333364
99134.79,100683.39403333316,1548.604033333162
27399.63,35869.62206666671,8469.992066666706
44514.16,89434.94896666663,44920.78896666663
105450.58,104432.6624999999,1017.9175000000978
524.98,577.1802333333326,52.20023333333256
64116.98,101126.00843333307,37009.02843333307
457.53,410.40697460317443,47.12302539682554
100241.01,108870.54583333325,8629.535833333255
88138.69,109099.47560000003,20960.785600000032
27516.36,31131.464133333422,3615.1041333334215
38143.8,46976.85210000005,8833.052100000044
56228.08,81469.0384333332,25240.958433333202
410.13,387.1688,22.96120000000002
30346.07,35387.183366666766,5041.1133666667665
42370.0,50856.8803555555,8486.880355555499
32646.0,35163.44923333335,2517.4492333333474
100464.57,97287.97403333333,3176.595966666675
284558.93,467551.90440000047,182992.97440000047
19773.56,13443.853399999984,6329.706600000018
122859.81,125225.89153333331,2366.0815333333157
79662.36,87270.06596666655,7607.705966666545
169163.19,187003.55719999992,17840.36719999992
115061.9,130962.89337499988,15900.993374999889
97036.85,97944.18250000007,907.3325000000623
52086.96,45844.354099999924,6242.605900000075
17609.79,13327.77669523806,4282.01330476194
109758.31,113807.4710333335,4049.1610333334975
107771.39,122543.80466666663,14772.414666666635
80975.24,66561.21980000018,14414.020199999824
3177.68,4921.257513333325,1743.577513333325
22470.0,21671.56543333334,798.4345666666595
103960.0,115614.52683333345,11654.526833333453
305183.68,329785.7234999996,24602.04349999962
5270.02,5019.484766666655,250.5352333333458
10003.59,12124.151047499961,2120.561047499961
37574.66,62863.388809259195,25288.72880925919
59061.22,86635.53515333323,27574.315153333227
90.11,147.90985555555577,57.799855555555766
58166.38,73633.10323333314,15466.723233333141
13760.31,18839.009833333326,5078.699833333327
6761.02,5332.285366666662,1428.734633333338
7574.66,10170.289124999994,2595.629124999994
46.35,73.9336316666667,27.583631666666697
330.44,389.9882253968255,59.5482253968255
8021.16,10263.697964583325,2242.5379645833254
36292.31,59692.98705370368,23400.67705370368
83087.65,122778.03989999992,39690.38989999992
639.56,730.06055050505,90.50055050505
53.49,76.97076087301596,23.48076087301596
29745.75,37458.84350000001,7713.09350000001
337.0,807.9437333333342,470.9437333333342
1120.42,1875.9684199999988,755.5484199999987
13933.69,10400.652900000012,3533.0370999999886
962.88,958.2245666666655,4.655433333334486
15926.08,17707.759933333342,1781.679933333342
16739.31,22800.270583333353,6060.960583333352
1199.22,1508.1289333333336,308.9089333333336
23352.73,22565.536766666635,787.1932333333643
47018.03,57094.417966666566,10076.387966666567
326.86,378.43008829365044,51.57008829365043
13119.61,14075.606623333317,955.9966233333162
21135.98,20950.97813333331,185.00186666669106
45160.69,50546.984866666586,5386.294866666583
5492.34,4813.232366666667,679.1076333333331
255.43,242.23175000000003,13.198249999999973
1319.37,1300.912133333331,18.457866666668906
680.75,746.0368727272721,65.28687272727211
153.81,177.15843333333333,23.348433333333332
5184.28,4166.683936666663,1017.596063333337
13938.46,14597.800700000003,659.3407000000043
67651.0,57208.655966666716,10442.344033333284
110870.0,102616.06009999989,8253.939900000114
11469.0,9960.780073333335,1508.2199266666648
51.38,66.17226666666663,14.792266666666627
11626.22,12877.206011060409,1250.9860110604095
566.97,633.4829666666659,66.51296666666587
5673.66,5069.006466666664,604.6535333333359
18704.0,20906.00306666667,2202.0030666666717
554.53,652.9276999999988,98.39769999999885
807.06,1084.9300666666647,277.8700666666648
701.46,1072.903599999997,371.4435999999969
182.64,208.14787166666662,25.50787166666663
118.12,229.39369999999977,111.27369999999976
103.48,124.36416666666656,20.88416666666656
54.44,71.18489999999998,16.744899999999987
60.96,68.94016666666661,7.980166666666612
16.89,24.033219999999975,7.143219999999975
60.0,68.20029999999996,8.200299999999956
110.0,145.5513333333332,35.55133333333319
441855.33,561018.6142666666,119163.28426666657
134478.34,127458.53693333331,7019.803066666689
141246.17,128239.30083333333,13006.869166666685
59419.44,84595.40043333346,25175.960433333457
111281.36,93320.2537,17961.1063
112699.15,107147.89266666675,5551.25733333324
78824.55,86815.73480000028,7991.184800000279
113206.52,107928.79660000019,5277.723399999813
130867.36,117059.97396666669,13807.386033333314
325509.23,395361.5762333328,69852.34623333282
60273.6,50387.093399999954,9886.506600000044
2506.64,2310.518093333336,196.12190666666402
60665.89,60897.97044999996,232.08044999995764
123414.48,129286.38466666696,5871.90466666696
330325.73,247541.5564333339,82784.17356666608
113402.71,112255.75650000013,1146.9534999998723
336767.8,357410.0743000007,20642.27430000069
33802.34,31172.247066666663,2630.0929333333333
2561.57,2169.6093911111075,391.9606088888927
566601.47,566192.7823333337,408.6876666662283
63452.76,63727.278666666745,274.51866666674323
268323.74,352917.42053333385,84593.68053333386
70922.62,66286.98522222224,4635.6347777777555
319193.91,377170.8095999998,57976.89959999983
482716.29,523761.6018333323,41045.31183333229
614016.7,615550.1947000002,1533.4947000002721
119142.0,123447.96239999987,4305.962399999873
72007.0,55485.80179999992,16521.19820000008
3365.0,3048.937683333338,316.0623166666619
30328.0,21804.287233333314,8523.712766666686
0.22,0.6981666666666688,0.47816666666666885
0.53,0.8293000000000003,0.29930000000000023
907.28,840.2871000000018,66.99289999999814
139.94,217.4355,77.49549999999999
72.84,78.55213999999987,5.712139999999863
51.27,66.86786666666659,15.597866666666583
665.28,699.4201333333334,34.14013333333344
393.42,384.74618253968305,8.673817460316968
171.13,179.61567777777748,8.485677777777482
150.0,213.2100333333337,63.21003333333371
116147.72,121223.75993333345,5076.03993333345
100787.38,97484.19529999999,3303.1847000000125
116409.68,121933.58327777775,5523.903277777761
277059.24,312333.5605333334,35274.320533333404
181943.26,207542.28903333316,25599.02903333315
27170.41,18653.312899999975,8517.097100000025
318321.85,376983.98946666735,58662.13946666737
180923.05,191511.7011333332,10588.651133333216
30281.81,27903.815966666654,2377.994033333347
32085.7,31293.966800000002,791.7331999999988
137357.94,126860.47615000015,10497.463849999855
32950.1,29179.912200000013,3770.187799999985
206122.0,210150.37646666646,4028.3764666664647
17205.0,15250.353564285699,1954.6464357143013
751.6,887.2032333333339,135.60323333333383
212.89,188.4112666666666,24.478733333333395
119.6,212.57223333333346,92.97223333333346
25.46,28.954311484126936,3.4943114841269356
2.0,4.047589999999996,2.047589999999996
62932.87,60595.73648888896,2337.1335111110457
56920.58,62284.15804999993,5363.578049999931
247410.62,255151.69316666666,7741.073166666669
53088.49,56419.29826666663,3330.8082666666305
150859.45,171852.18243333313,20992.73243333312
116723.65,133660.00826666685,16936.35826666685
94516.76,107842.33686666674,13325.576866666743
195176.31,233526.64409999992,38350.33409999992
53622.45,52955.741100000174,666.7088999998232
4343.42,5121.7363899999855,778.3163899999854
237862.96,241848.08473333385,3985.1247333338542
103684.87,121514.25140000011,17829.381400000115
808284.23,823849.2813666669,15565.051366666914
4225.57,5056.778259999984,831.208259999984
103063.58,122829.63830000021,19766.058300000208
112692.14,127746.60000000012,15054.460000000123
454111.97,398222.7263666668,55889.243633333186
70579.51,82301.40519999988,11721.895199999883
16067.64,14574.358466666667,1493.2815333333328
217869.03,215049.80636666692,2819.22363333308
111980.09,119173.5728999999,7193.482899999901
447855.62,467963.94593333395,20108.325933333952
563546.72,521600.19019999914,41946.52980000083
58216.93,53336.96640000016,4879.963599999843
81241.01,80850.48799999994,390.5220000000554
4983.52,4361.8788333333405,621.64116666666
52984.0,47595.15759999991,5388.842400000089
893811.0,913183.9917333329,19372.991733332863
569733.0,502856.6211666663,66876.37883333373
290717.0,293593.36422666686,2876.364226666861
457.55,509.8087515079361,52.2587515079361
888.75,785.990133333334,102.75986666666597
685.27,766.0770000000002,80.80700000000024
25.29,34.51038952380956,9.220389523809558
407.38,386.9858805555554,20.394119444444584
4.76,4.113743333333321,0.6462566666666785
389.84,395.0902848412696,5.250284841269604
233.62,217.0357666666668,16.584233333333202
0.78,0.7606499999999994,0.019350000000000644
87.15,75.82503333333335,11.324966666666654
27.0,29.429152968253913,2.429152968253913
75360.65,70199.91173333336,5160.738266666638
32129.07,37194.79583333341,5065.72583333341
60044.69,79404.0809666667,19359.390966666702
20836.01,20920.65985555555,84.64985555555177
6483.89,6916.302820833332,432.41282083333135
71846.34,86194.2897533332,14347.949753333203
55920.35,75602.6398999999,19682.289899999894
6495.6,7771.9464000000125,1276.3464000000122
12682.17,12619.280446893928,62.88955310607162
70278.25,69410.78886666674,867.4611333332577
123933.68,101456.32953333332,22477.35046666667
60730.88,63148.13600000003,2417.2560000000303
15586.11,14961.455383333325,624.6546166666758
12924.13,11083.954609829065,1840.1753901709344
14304.74,11931.080694703573,2373.659305296427
465965.86,445675.3720333327,20290.48796666728
45149.22,48068.94660000012,2919.726600000118
143.12,147.7123666666669,4.592366666666891
6381.94,6981.066099999994,599.126099999994
18708.5,17776.446933333347,932.0530666666527
12690.78,12255.540893560583,435.2391064394178
102076.84,94061.32573333317,8015.514266666825
44283.22,42843.85016666668,1439.3698333333232
10438.12,12350.866653169016,1912.7466531690152
8362.71,8541.071433333336,178.36143333333712
174474.0,161186.37713333307,13287.622866666934
1177649.0,1388329.8073666645,210680.80736666452
121519.0,103510.08216666666,18008.91783333334
119456.09,133883.7587333334,14427.668733333412
131918.2,112350.05660000019,19568.143399999826
58571.71,64569.18430000007,5997.474300000074
308529.23,295207.0832974071,13322.146702592901
140285.48,140777.03789999994,491.55789999992703
52037.91,44459.461999999934,7578.448000000069
27288.88,28257.263266666614,968.383266666613
5119.74,4979.47100999999,140.26899000000958
13057.94,10511.90299999998,2546.0370000000203
98109.39,88274.45066666666,9834.939333333343
52079.39,66545.20726666674,14465.817266666738
75623.32,53996.987400000005,21626.3326
27995.15,30160.42549999997,2165.275499999967
5385.93,4645.869733333326,740.0602666666746
47782.62,54462.23562777778,6679.615627777777
11313.58,9746.299466666671,1567.280533333329
74365.92,89553.27723333331,15187.357233333314
61350.21,55520.891599999995,5829.318400000004
57841.43,45337.74139999998,12503.688600000023
73938.86,65079.00849999994,8859.851500000063
12655.0,11129.226713333333,1525.7732866666665
2675.77,2525.77233333333,149.99766666666983
5026.28,4250.4719166666655,775.8080833333343
13352.43,11075.258599999994,2277.1714000000065
87958.52,87816.78209999997,141.73790000003646
59546.4,49931.45203333339,9614.947966666608
57492.48,56864.08229999984,628.3977000001614
29263.5,32130.107433333353,2866.6074333333527
496.21,381.8746712301593,114.33532876984066
38367.28,40886.30860000004,2519.0286000000415
17628.96,17786.55331111107,157.59331111107167
35244.47,34013.05683333342,1231.413166666578
102802.33,89337.95613333333,13464.373866666676
34934.89,34657.500133333335,277.3898666666646
115310.33,126402.18100000024,11091.851000000242
38052.33,34680.64190000002,3371.688099999985
298314.65,300233.86656730215,1919.2165673021227
68430.96,65353.12076666661,3077.8392333333977
39122.95,37949.873900000064,1173.076099999933
10228.82,11294.964042261907,1066.144042261907
2310.46,2038.8820444444427,271.5779555555573
38155.62,37368.28520000008,787.3347999999241
78282.95,90778.93023333317,12495.980233333175
57380.13,45791.9998,11588.1302
36541.94,37006.57058333347,464.63058333347
232.87,195.84305555555562,37.02694444444438
2527.47,2199.2905142857126,328.17948571428724
6420.48,7148.5815999999995,728.1016
21310.45,18543.416266666663,2767.0337333333373
95562.19,101260.62726666668,5698.437266666675
67559.19,53287.91163333343,14271.278366666571
198121.31,180907.5053199999,17213.80468000009
313546.4,302071.77497333405,11474.625026665977
75663.41,78448.6642333333,2785.2542333332967
42669.45,32652.328266666664,10017.121733333333
68305.78,57355.162666666605,10950.617333333394
40200.0,40698.71316666681,498.7131666668065
72225.0,70785.6920333335,1439.3079666664999
298852.0,297373.44878571446,1478.5512142855441
81948.0,89015.44243333324,7067.442433333243
15254.0,13573.159134444413,1680.8408655555868
5430.41,3994.8508999999963,1435.5591000000036
174531.52,139210.97139999998,35320.54860000001
91836.92,68716.78770000004,23120.132299999954
2435.45,2358.018283333334,77.43171666666603
5157.95,5647.47575666665,489.5257566666505
2440.92,1924.8530333333304,516.0669666666697
28312.69,30876.23926666667,2563.5492666666723
70958.62,68895.76976666684,2062.850233333156
37457.89,34688.5492666667,2769.3407333333016
2378.24,2152.95288,225.28711999999996
53313.52,53480.04633333331,166.52633333331323
62990.6,57175.3606666666,5815.239333333397
10844.51,10688.94551333334,155.56448666666074
150400.84,132144.5038666666,18256.33613333339
2203.58,1283.330133333332,920.2498666666679
30288.69,33003.52743333339,2714.8374333333886
200097.22,189210.01770000017,10887.20229999983
323839.47,298163.0474774204,25676.422522579553
42784.33,46925.408999999934,4141.078999999932
108241.39,104147.3466333333,4094.043366666694
54313.59,54523.990577777775,210.40057777777838
133428.17,119807.54620000013,13620.623799999885
27701.99,25131.3504,2570.6396000000022
84438.5,65472.246725926,18966.253274074
9203.42,9241.250383333336,37.8303833333357
65264.23,62829.75446666675,2434.4755333332505
35701.39,43232.06153333333,7530.671533333334
114.8,145.80003333333337,31.000033333333377
24754.0,36994.13833333337,12240.138333333372
81123.0,69403.24023333332,11719.759766666684
165764.0,161188.6617999998,4575.338200000202
83.0,77.05027333333341,5.949726666666592
420047.03,364977.56953333254,55069.460466667486
348869.03,374487.9235999994,25618.89359999937
3496.82,3014.3253000000036,482.49469999999656
9751.86,8870.988333333333,880.8716666666678
4747.24,4077.7664866666696,669.4735133333302
434087.91,465984.705366666,31896.795366666047
379567.82,402911.870966666,23344.050966666022
327151.31,340409.3310000008,13258.021000000823
66960.58,52828.95358333334,14131.626416666659
290083.09,303431.9214899995,13348.831489999488
2708.06,1907.3283111111086,800.7316888888913
61045.0,56930.3621833334,4114.637816666604
41.113,42.73965416666653,1.6266541666665333
57.159,66.5801766666666,9.421176666666604
7.525,6.895263333333322,0.6297366666666786
16.27,14.518856666666615,1.7511433333333848
6.246,5.462289999999992,0.7837100000000081
23.38,28.317684912698375,4.937684912698376
5.81,5.404779999999985,0.405220000000015
4.818,5.311099999999981,0.49309999999998144
59.331,49.08053222222221,10.250467777777793
167.25,146.67526666666694,20.574733333333057
525859.03,579676.019766667,53816.989766667015
316212.98,288069.1780666666,28143.801933333394
552564.77,551671.6875333337,893.0824666663539
31610.43,29679.09610000004,1931.3338999999614
942932.04,865335.191100001,77596.84889999905
1090.79,1117.8236,27.03359999999998
3045.2,3186.7688000000044,141.56880000000456
282791.46,267768.7154666672,15022.744533332821
277317.9,248308.86846666678,29009.03153333324
307178.0,303482.5198333331,3695.480166666908
1363311.87,1427978.358633332,64666.48863333184
970759.74,966790.7582333352,3968.9817666647723
1087873.9,1069473.1600333324,18400.73996666749
504103.31,587993.626733333,83890.31673333299
152.26,178.4530000000005,26.193000000000495
28371.86,24804.382566666674,3567.477433333326
443319.91,441424.4808666677,1895.4291333322763
445909.19,457682.25106666615,11773.061066666152
1482255.86,1409341.500166664,72914.3598333362
1226880.08,1166472.1281666665,60407.95183333359
173.99,159.60726666666673,14.382733333333277
54233.66,42126.97933333327,12106.680666666733
283266.58,289794.3588611112,6527.778861111205
391379.69,392744.418733334,1364.7287333339918
299124.49,286549.01741666696,12575.47258333303
123.61,149.34155555555557,25.731555555555573
16187.08,14358.928800000005,1828.1511999999948
30.51,30.264946063492008,0.24505393650799334
31891.85,29440.692866666664,2451.157133333334
630847.78,606678.0002999997,24169.779700000305
353415.07,296150.4289333338,57264.64106666623
180397.1,164493.9169,15903.183099999995
416476.98,476478.0745999999,60001.094599999895
150.39,158.37999999999994,7.989999999999952
28913.8,20601.595966666664,8312.204033333335
1094781.0,1076698.793933332,18082.206066668034
500189.0,555222.9244333329,55033.92443333287
676.0,572.3485666666668,103.65143333333322
50779.0,33037.06049999999,17741.939500000008
75977.15,87439.6726333331,11462.522633333108
405213.97,365699.7369666661,39514.23303333385
339191.04,286395.5118159259,52795.52818407409
228865.76,207232.2483166666,21633.511683333403
184027.59,188751.68069999982,4724.090699999826
413741.64,402168.1845999996,11573.455400000443
8856.04,9830.985000000008,974.945000000007
210268.5,213343.7010666665,3075.2010666664864
267832.68,251535.31076666643,16297.369233333564
208566.2,179848.8683333334,28717.331666666607
666141.3,659429.9667666666,6711.333233333426
416313.45,325899.6884666653,90413.76153333473
793906.97,650735.3922999989,143171.57770000107
162633.11,148249.63210833332,14383.47789166667
371398.19,433425.5789000005,62027.388900000486
310778.15,244725.77306666726,66052.37693333277
258152.42,239812.35103333328,18340.06896666673
127344.23,154135.27953333335,26791.049533333353
592999.98,573312.2372333336,19687.742766666343
175730.59,173032.41433333314,2698.1756666668516
180668.1,184480.61439999976,3812.5143999997526
187139.81,210177.52776666684,23037.717766666843
942.03,824.2492999999992,117.78070000000082
7766.16,9390.800666666684,1624.6406666666844
739139.63,673873.8262999995,65265.80370000051
289997.96,283768.30041269877,6229.659587301256
258862.96,266832.254555556,7969.294555556
549004.67,540517.3954333332,8487.274566666805
185217.59,185737.4191666664,519.8291666664009
185622.0,209501.51610000015,23879.516100000154
409805.38,404916.1631333327,4889.216866667324
279100.57,278106.2718600003,994.2981399996788
66996.75,70739.21243333344,3742.462433333436
338083.63,330437.48466666724,7646.145333332766
308529.08,255580.1420666671,52948.93793333293
179211.77,177934.16383333344,1277.6061666665482
615685.96,553270.8871666673,62415.0728333327
130915.33,138182.35227777783,7267.022277777825
772488.96,645022.7248666666,127466.23513333336
404317.61,416719.17143333337,12401.56143333338
266578.42,228542.22593333348,38036.1940666665
187316.85,192322.1806383332,5005.330638333195
46499.41,43268.37636666672,3231.0336333332816
169539.43,199277.94823333327,29738.518233333278
651135.71,661142.0051000002,10006.295100000221
103082.48,94636.73196666692,8445.748033333075
59488.44,64480.77862592602,4992.338625926015
319661.43,235157.40920000008,84504.02079999991
259568.75,248964.73199999964,10604.01800000036
137256.42,138259.8917333334,1003.4717333333974
154736.31,125184.71073333357,29551.599266666424
419117.47,414498.54579999973,4618.924200000241
14209.65,13951.71069142856,257.93930857144005
3542.69,3004.243370000006,538.446629999994
61519.0,58229.55423333332,3289.4457666666785
604967.0,614741.9038666666,9774.903866666602
309316.0,332140.03790000064,22824.037900000636
248.0,249.61136666666712,1.6113666666671236
14996.0,14075.486605185186,920.5133948148141
89684.44,96620.16226666674,6935.722266666737
120574.63,123823.8544666668,3249.2244666667975
224178.63,212360.54569999923,11818.084300000774
395385.12,376397.0903000008,18988.0296999992
404953.1,380836.87193333305,24116.228066666925
746762.6,701517.0420333338,45245.55796666618
752513.4,758320.0032333323,5806.60323333228
114179.46,112039.62316666666,2139.836833333349
4871.29,4518.484026666671,352.80597333332935
5869.53,5096.000003333332,773.529996666668
322205.5,293586.63158629584,28618.868413704156
222837.82,209561.254333333,13276.565666667011
281072.26,269112.25794444437,11960.00205555564
283894.22,300606.63556666655,16712.415566666576
445253.86,404855.53549999994,40398.324500000046
269463.05,304496.0056666667,35032.955666666734
839724.43,774353.4025333327,65371.02746666735
367717.66,355422.5105666671,12295.149433332903
201620.0,206495.74806666654,4875.748066666536
159928.19,153190.46016666642,6737.729833333578
273358.61,260268.7188,13089.891199999984
295075.52,307432.55805743375,12357.038057433732
615697.87,688200.2929000005,72502.42290000047
513490.07,487791.82609999937,25698.24390000064
258951.46,284562.9490957144,25611.48909571438
190180.14,207174.51077333323,16994.370773333212
264950.78,260290.6375666669,4660.142433333123
379666.19,331484.4357000005,48181.754299999506
195323.29,207795.60291666634,12472.312916666328
221979.41,197218.4352511901,24760.97474880991
5793.3,4634.957886666663,1158.3421133333368
8304.59,8585.512966666669,280.9229666666688
271606.78,266510.80549999984,5095.974500000186
300829.01,304412.75882903556,3583.748829035554
238677.65,267213.98018055584,28536.330180555844
141628.0,124894.5057666669,16733.4942333331
903882.29,845406.5518666682,58475.73813333188
107648.71,97982.68216666662,9666.027833333384
5212.13,4492.748686666669,719.3813133333315
10771.15,10174.418000000005,596.7319999999945
11453.92,12280.915183333342,826.9951833333416
8117.31,7568.7943138888895,548.5156861111109
392994.08,376498.7361666672,16495.343833332823
183533.76,170543.27950000003,12990.480499999976
302890.75,292971.4234000001,9919.326599999913
501741.12,484019.6428333333,17721.477166666707
217810.48,220071.44289999967,2260.962899999664
8068.88,7816.7675999999965,252.11240000000362
4862.81,4538.171490000003,324.63850999999704
379244.91,363603.91300000076,15640.996999999217
171154.02,164801.00676666648,6353.013233333506
174072.2,164829.0080333331,9243.191966666898
623264.88,649075.7070666677,25810.827066667727
285714.44,244789.57909999977,40924.86090000023
342291.32,297503.61580000026,44787.704199999745
765703.53,711402.424033335,54301.10596666508
710527.18,708524.9332999988,2002.2467000012984
10496.65,9464.110033333338,1032.5399666666617
3449.63,2668.48972666667,781.1402733333302
441642.0,419418.9532999999,22223.046700000123
772571.0,762459.1834666672,10111.816533332807
879994.0,842508.7891000009,37485.21089999913
131369.0,129646.01020000014,1722.9897999998648
6068.0,5165.475393333325,902.524606666675
8243.0,7791.959999999994,451.04000000000633
3025.0,3114.828500000004,89.82850000000417
106176.5,119653.41273333314,13476.912733333142
74603.57,117958.11939999973,43354.54939999973
51581.62,84060.09453333331,32478.474533333305
103724.75,137516.2673333333,33791.51733333329
10648.42,11721.058029272463,1072.6380292724625
36251.8,50201.63676666673,13949.836766666725
102856.61,112475.03173333322,9618.42173333322
68060.52,88997.08070000017,20936.560700000162
85131.76,113203.5618999999,28071.801899999904
108845.74,142649.44890000002,33803.70890000001
24567.79,44991.38529999997,20423.59529999997
116454.98,159760.16566666655,43305.185666666555
31685.2,36799.996933333365,5114.796933333364
99134.79,100683.39403333316,1548.604033333162
27399.63,35869.62206666671,8469.992066666706
44514.16,89434.94896666663,44920.78896666663
105450.58,104432.6624999999,1017.9175000000978
524.98,577.1802333333326,52.20023333333256
64116.98,101126.00843333307,37009.02843333307
457.53,410.40697460317443,47.12302539682554
100241.01,108870.54583333325,8629.535833333255
88138.69,109099.47560000003,20960.785600000032
27516.36,31131.464133333422,3615.1041333334215
38143.8,46976.85210000005,8833.052100000044
56228.08,81469.0384333332,25240.958433333202
410.13,387.1688,22.96120000000002
30346.07,35387.183366666766,5041.1133666667665
42370.0,50856.8803555555,8486.880355555499
32646.0,35163.44923333335,2517.4492333333474
100464.57,97287.97403333333,3176.595966666675
284558.93,467551.90440000047,182992.97440000047
19773.56,13443.853399999984,6329.706600000018
122859.81,125225.89153333331,2366.0815333333157
79662.36,87270.06596666655,7607.705966666545
169163.19,187003.55719999992,17840.36719999992
115061.9,130962.89337499988,15900.993374999889
97036.85,97944.18250000007,907.3325000000623
52086.96,45844.354099999924,6242.605900000075
17609.79,13327.77669523806,4282.01330476194
109758.31,113807.4710333335,4049.1610333334975
107771.39,122543.80466666663,14772.414666666635
80975.24,66561.21980000018,14414.020199999824
3177.68,4921.257513333325,1743.577513333325
22470.0,21671.56543333334,798.4345666666595
103960.0,115614.52683333345,11654.526833333453
305183.68,329785.7234999996,24602.04349999962
5270.02,5019.484766666655,250.5352333333458
10003.59,12124.151047499961,2120.561047499961
37574.66,62863.388809259195,25288.72880925919
59061.22,86635.53515333323,27574.315153333227
90.11,147.90985555555577,57.799855555555766
58166.38,73633.10323333314,15466.723233333141
13760.31,18839.009833333326,5078.699833333327
6761.02,5332.285366666662,1428.734633333338
7574.66,10170.289124999994,2595.629124999994
46.35,73.9336316666667,27.583631666666697
330.44,389.9882253968255,59.5482253968255
8021.16,10263.697964583325,2242.5379645833254
36292.31,59692.98705370368,23400.67705370368
83087.65,122778.03989999992,39690.38989999992
639.56,730.06055050505,90.50055050505
53.49,76.97076087301596,23.48076087301596
29745.75,37458.84350000001,7713.09350000001
337.0,807.9437333333342,470.9437333333342
1120.42,1875.9684199999988,755.5484199999987
13933.69,10400.652900000012,3533.0370999999886
962.88,958.2245666666655,4.655433333334486
15926.08,17707.759933333342,1781.679933333342
16739.31,22800.270583333353,6060.960583333352
1199.22,1508.1289333333336,308.9089333333336
23352.73,22565.536766666635,787.1932333333643
47018.03,57094.417966666566,10076.387966666567
326.86,378.43008829365044,51.57008829365043
13119.61,14075.606623333317,955.9966233333162
21135.98,20950.97813333331,185.00186666669106
45160.69,50546.984866666586,5386.294866666583
5492.34,4813.232366666667,679.1076333333331
255.43,242.23175000000003,13.198249999999973
1319.37,1300.912133333331,18.457866666668906
680.75,746.0368727272721,65.28687272727211
153.81,177.15843333333333,23.348433333333332
5184.28,4166.683936666663,1017.596063333337
13938.46,14597.800700000003,659.3407000000043
67651.0,57208.655966666716,10442.344033333284
110870.0,102616.06009999989,8253.939900000114
11469.0,9960.780073333335,1508.2199266666648
51.38,66.17226666666663,14.792266666666627
11626.22,12877.206011060409,1250.9860110604095
566.97,633.4829666666659,66.51296666666587
5673.66,5069.006466666664,604.6535333333359
18704.0,20906.00306666667,2202.0030666666717
554.53,652.9276999999988,98.39769999999885
807.06,1084.9300666666647,277.8700666666648
701.46,1072.903599999997,371.4435999999969
182.64,208.14787166666662,25.50787166666663
118.12,229.39369999999977,111.27369999999976
103.48,124.36416666666656,20.88416666666656
54.44,71.18489999999998,16.744899999999987
60.96,68.94016666666661,7.980166666666612
16.89,24.033219999999975,7.143219999999975
60.0,68.20029999999996,8.200299999999956
110.0,145.5513333333332,35.55133333333319
441855.33,561018.6142666666,119163.28426666657
134478.34,127458.53693333331,7019.803066666689
141246.17,128239.30083333333,13006.869166666685
59419.44,84595.40043333346,25175.960433333457
111281.36,93320.2537,17961.1063
112699.15,107147.89266666675,5551.25733333324
78824.55,86815.73480000028,7991.184800000279
113206.52,107928.79660000019,5277.723399999813
130867.36,117059.97396666669,13807.386033333314
325509.23,395361.5762333328,69852.34623333282
60273.6,50387.093399999954,9886.506600000044
2506.64,2310.518093333336,196.12190666666402
60665.89,60897.97044999996,232.08044999995764
123414.48,129286.38466666696,5871.90466666696
330325.73,247541.5564333339,82784.17356666608
113402.71,112255.75650000013,1146.9534999998723
336767.8,357410.0743000007,20642.27430000069
33802.34,31172.247066666663,2630.0929333333333
2561.57,2169.6093911111075,391.9606088888927
566601.47,566192.7823333337,408.6876666662283
63452.76,63727.278666666745,274.51866666674323
268323.74,352917.42053333385,84593.68053333386
70922.62,66286.98522222224,4635.6347777777555
319193.91,377170.8095999998,57976.89959999983
482716.29,523761.6018333323,41045.31183333229
614016.7,615550.1947000002,1533.4947000002721
119142.0,123447.96239999987,4305.962399999873
72007.0,55485.80179999992,16521.19820000008
3365.0,3048.937683333338,316.0623166666619
30328.0,21804.287233333314,8523.712766666686
0.22,0.6981666666666688,0.47816666666666885
0.53,0.8293000000000003,0.29930000000000023
907.28,840.2871000000018,66.99289999999814
139.94,217.4355,77.49549999999999
72.84,78.55213999999987,5.712139999999863
51.27,66.86786666666659,15.597866666666583
665.28,699.4201333333334,34.14013333333344
393.42,384.74618253968305,8.673817460316968
171.13,179.61567777777748,8.485677777777482
150.0,213.2100333333337,63.21003333333371
116147.72,121223.75993333345,5076.03993333345
100787.38,97484.19529999999,3303.1847000000125
116409.68,121933.58327777775,5523.903277777761
277059.24,312333.5605333334,35274.320533333404
181943.26,207542.28903333316,25599.02903333315
27170.41,18653.312899999975,8517.097100000025
318321.85,376983.98946666735,58662.13946666737
180923.05,191511.7011333332,10588.651133333216
30281.81,27903.815966666654,2377.994033333347
32085.7,31293.966800000002,791.7331999999988
137357.94,126860.47615000015,10497.463849999855
32950.1,29179.912200000013,3770.187799999985
206122.0,210150.37646666646,4028.3764666664647
17205.0,15250.353564285699,1954.6464357143013
751.6,887.2032333333339,135.60323333333383
212.89,188.4112666666666,24.478733333333395
119.6,212.57223333333346,92.97223333333346
25.46,28.954311484126936,3.4943114841269356
2.0,4.047589999999996,2.047589999999996
62932.87,60595.73648888896,2337.1335111110457
56920.58,62284.15804999993,5363.578049999931
247410.62,255151.69316666666,7741.073166666669
53088.49,56419.29826666663,3330.8082666666305
150859.45,171852.18243333313,20992.73243333312
116723.65,133660.00826666685,16936.35826666685
94516.76,107842.33686666674,13325.576866666743
195176.31,233526.64409999992,38350.33409999992
53622.45,52955.741100000174,666.7088999998232
4343.42,5121.7363899999855,778.3163899999854
237862.96,241848.08473333385,3985.1247333338542
103684.87,121514.25140000011,17829.381400000115
808284.23,823849.2813666669,15565.051366666914
4225.57,5056.778259999984,831.208259999984
103063.58,122829.63830000021,19766.058300000208
112692.14,127746.60000000012,15054.460000000123
454111.97,398222.7263666668,55889.243633333186
70579.51,82301.40519999988,11721.895199999883
16067.64,14574.358466666667,1493.2815333333328
217869.03,215049.80636666692,2819.22363333308
111980.09,119173.5728999999,7193.482899999901
447855.62,467963.94593333395,20108.325933333952
563546.72,521600.19019999914,41946.52980000083
58216.93,53336.96640000016,4879.963599999843
81241.01,80850.48799999994,390.5220000000554
4983.52,4361.8788333333405,621.64116666666
52984.0,47595.15759999991,5388.842400000089
893811.0,913183.9917333329,19372.991733332863
569733.0,502856.6211666663,66876.37883333373
290717.0,293593.36422666686,2876.364226666861
457.55,509.8087515079361,52.2587515079361
888.75,785.990133333334,102.75986666666597
685.27,766.0770000000002,80.80700000000024
25.29,34.51038952380956,9.220389523809558
407.38,386.9858805555554,20.394119444444584
4.76,4.113743333333321,0.6462566666666785
389.84,395.0902848412696,5.250284841269604
233.62,217.0357666666668,16.584233333333202
0.78,0.7606499999999994,0.019350000000000644
87.15,75.82503333333335,11.324966666666654
27.0,29.429152968253913,2.429152968253913
75360.65,70199.91173333336,5160.738266666638
32129.07,37194.79583333341,5065.72583333341
60044.69,79404.0809666667,19359.390966666702
20836.01,20920.65985555555,84.64985555555177
6483.89,6916.302820833332,432.41282083333135
71846.34,86194.2897533332,14347.949753333203
55920.35,75602.6398999999,19682.289899999894
6495.6,7771.9464000000125,1276.3464000000122
12682.17,12619.280446893928,62.88955310607162
70278.25,69410.78886666674,867.4611333332577
123933.68,101456.32953333332,22477.35046666667
60730.88,63148.13600000003,2417.2560000000303
15586.11,14961.455383333325,624.6546166666758
12924.13,11083.954609829065,1840.1753901709344
14304.74,11931.080694703573,2373.659305296427
465965.86,445675.3720333327,20290.48796666728
45149.22,48068.94660000012,2919.726600000118
143.12,147.7123666666669,4.592366666666891
6381.94,6981.066099999994,599.126099999994
18708.5,17776.446933333347,932.0530666666527
12690.78,12255.540893560583,435.2391064394178
102076.84,94061.32573333317,8015.514266666825
44283.22,42843.85016666668,1439.3698333333232
10438.12,12350.866653169016,1912.7466531690152
8362.71,8541.071433333336,178.36143333333712
174474.0,161186.37713333307,13287.622866666934
1177649.0,1388329.8073666645,210680.80736666452
121519.0,103510.08216666666,18008.91783333334
119456.09,133883.7587333334,14427.668733333412
131918.2,112350.05660000019,19568.143399999826
58571.71,64569.18430000007,5997.474300000074
308529.23,295207.0832974071,13322.146702592901
140285.48,140777.03789999994,491.55789999992703
52037.91,44459.461999999934,7578.448000000069
27288.88,28257.263266666614,968.383266666613
5119.74,4979.47100999999,140.26899000000958
13057.94,10511.90299999998,2546.0370000000203
98109.39,88274.45066666666,9834.939333333343
52079.39,66545.20726666674,14465.817266666738
75623.32,53996.987400000005,21626.3326
27995.15,30160.42549999997,2165.275499999967
5385.93,4645.869733333326,740.0602666666746
47782.62,54462.23562777778,6679.615627777777
11313.58,9746.299466666671,1567.280533333329
74365.92,89553.27723333331,15187.357233333314
61350.21,55520.891599999995,5829.318400000004
57841.43,45337.74139999998,12503.688600000023
73938.86,65079.00849999994,8859.851500000063
12655.0,11129.226713333333,1525.7732866666665
2675.77,2525.77233333333,149.99766666666983
5026.28,4250.4719166666655,775.8080833333343
13352.43,11075.258599999994,2277.1714000000065
87958.52,87816.78209999997,141.73790000003646
59546.4,49931.45203333339,9614.947966666608
57492.48,56864.08229999984,628.3977000001614
29263.5,32130.107433333353,2866.6074333333527
496.21,381.8746712301593,114.33532876984066
38367.28,40886.30860000004,2519.0286000000415
17628.96,17786.55331111107,157.59331111107167
35244.47,34013.05683333342,1231.413166666578
102802.33,89337.95613333333,13464.373866666676
34934.89,34657.500133333335,277.3898666666646
115310.33,126402.18100000024,11091.851000000242
38052.33,34680.64190000002,3371.688099999985
298314.65,300233.86656730215,1919.2165673021227
68430.96,65353.12076666661,3077.8392333333977
39122.95,37949.873900000064,1173.076099999933
10228.82,11294.964042261907,1066.144042261907
2310.46,2038.8820444444427,271.5779555555573
38155.62,37368.28520000008,787.3347999999241
78282.95,90778.93023333317,12495.980233333175
57380.13,45791.9998,11588.1302
36541.94,37006.57058333347,464.63058333347
232.87,195.84305555555562,37.02694444444438
2527.47,2199.2905142857126,328.17948571428724
6420.48,7148.5815999999995,728.1016
21310.45,18543.416266666663,2767.0337333333373
95562.19,101260.62726666668,5698.437266666675
67559.19,53287.91163333343,14271.278366666571
198121.31,180907.5053199999,17213.80468000009
313546.4,302071.77497333405,11474.625026665977
75663.41,78448.6642333333,2785.2542333332967
42669.45,32652.328266666664,10017.121733333333
68305.78,57355.162666666605,10950.617333333394
40200.0,40698.71316666681,498.7131666668065
72225.0,70785.6920333335,1439.3079666664999
298852.0,297373.44878571446,1478.5512142855441
81948.0,89015.44243333324,7067.442433333243
15254.0,13573.159134444413,1680.8408655555868
