model,train_mae,train_rmse,train_r2,val_mae,val_rmse,val_r2
Random Forest (Tuned),"[4954.972276479805, 4928.462055449684, 5252.439187152292, 5108.360119975083, 4911.673493053114]","[10471.026854941461, 10356.942968387459, 11120.771166457507, 10845.906948456268, 10266.52827687918]","[0.9976890868440323, 0.9976969619317154, 0.9973855045572857, 0.9973489408173134, 0.9978160939471403]","[12215.717175135465, 14438.319478319958, 13004.026045140778, 13540.587120786122, 13630.590187329648]","[24451.697202099043, 28559.715834270337, 23502.44655914635, 32396.216457089704, 28817.77516467794]","[0.9864483098259711, 0.9828853990579622, 0.9876571490771331, 0.981400569302044, 0.9796927661957916]"
